store_code,store_name,chainname,subchainname,storeid,address,city,zipcode,latitude,longitude,average_price_diff,popular_item_count
car_002,מרקט אשקלון החאן,קרפור,קרפור מרקט,2.0,הרצל 33,אשקלון,7860132.0,31.6690874,34.586559,6.869772379175887,1986
car_004,אשקלון צפוני,קרפור,קרפור היפר,,הפנינים 28,אשקלון,7863636.0,31.6682664,34.6023671,-4.19949430427546,7016
car_009,היפר רעננה רמה,קרפור,קרפור היפר,9.0,זרחין 12,רעננה,4320906.0,32.1958481,34.88363940000001,-4.0707545189325485,7734
car_010,כפר סבא,קרפור,קרפור,10.0,השקמה 21,כפר סבא,4450012.0,32.176305,34.933172,-3.8923811606525143,7071
car_012,פתח תקוה,קרפור,קרפור מרקט,12.0,בר כוכבא 63,פתח תקווה,4922055.0,32.096693,34.8856478,-4.275935454880978,7433
car_019,תל מונד,קרפור,קרפור,,בני דרור 8,תל נונד,4063134.0,32.261756,34.901082,1.632390021871622,4616
car_026,מרקט ראש העין יהושע,קרפור,קרפור מרקט,26.0,יהושע בן נון 77,ראש העין,4804824.0,32.1047554,34.9425888,0.1358118643581464,6150
car_030,קרפור מרקט אילת,קרפור,קרפור,30.0,חטיבת גולני 41,אילת,8852601.0,29.56601874337275,34.954978548384084,-17.449519455913013,4704
car_033,היפר בית שמש,קרפור,קרפור היפר,33.0,"שדרות יגאל אלון ,מרכז ביג",בית שמש,9906201.0,31.7564164,34.9902576,-4.250352487819233,7459
car_037,מרקט אור יהודה,קרפור,קרפור מרקט,37.0,המפעל 13,אור יהודה,0.0,32.0347675,34.8499789,-3.0530813947718034,9307
car_041,מרקט אור עקיבא,קרפור,קרפור היפר,41.0,האילן 2 א.ת צפוני אור עקיבא,אור עקיבא,3063907.0,32.5146179,34.9232696,-5.0296084052877905,5935
car_044,מרקט מעלות תרשיחא,קרפור,קרפור מרקט,44.0,שלמה שרירא 3 מעלות תרשיחא,מעלות תרשיחא,2120107.0,33.0216836,35.2802834,-0.10564729023067097,5839
car_046,רמלה,קרפור,קרפור,46.0,קלאוזנר 10,רמלה,7243224.0,31.9229092,34.8779067,0.4109947325561817,5017
car_055,דליית אל כרמל,קרפור,קרפור היפר,55.0,דרך ראשית 672 כיכר חמוד אל-קארה,דלית אלכרמל,3005600.0,32.6955201,35.0514526,-0.4463255227448956,2974
car_056,מרקט ערד,קרפור,קרפור מרקט,56.0,התעשיה 60,ערד,8909424.0,31.2481659,35.2011827,-4.314061286130166,5948
car_057,היפר בית שאן,קרפור,קרפור היפר,57.0,א.ת צפוני בית שאן,בית שאן,1177940.0,32.497103,35.497336,-4.30556699304506,5740
car_059,מרקט קרית גת,קרפור,קרפור מרקט,59.0,אסתר המלכה 19,קרית גת,0.0,31.6353946,34.7722321,-0.8834365077310469,891
car_060,מרקט אשדוד,קרפור,קרפור מרקט,60.0,השייטים 9,אשדוד,7744140.0,31.800285,34.6415622,1.419094919357487,3918
car_061,נתניה בסיטי,קרפור,קרפור,61.0,"האר""י 12",נתניה,4628555.0,32.3119039,34.8565982,0.549524602706669,3138
car_062,בסיטי מודיעין,קרפור,קרפור סיטי,62.0,עמק החולה 76,מודיעין מכבים רעות,7170399.0,31.8962796,35.0112568,10.948728267986318,2673
car_063,קרפור קרית ראשון,קרפור,קרפור,,החלמונית 29,ראשון לציון,7542033.0,31.9696904,34.7832776,3.814735033936787,7533
car_064,סיטי הרצליה ליד הבית,קרפור,קרפור סיטי,64.0,רבי עקיבא 50,הרצליה,46422360.0,32.153352,34.8496839,10.86820323078512,2090
car_065,קרפור מרקט אשקלון,קרפור,קרפור מרקט,,קיבוץ גלויות 5,אשקלון,7834104.0,31.666314018445128,34.56677971519415,-0.7527458600779675,2990
car_067,סיטי חולון,קרפור,קרפור סיטי,67.0,המרגנית 2,חולון,5845909.0,32.00964386207322,34.778821579198784,11.249196188889842,3803
car_068,מרקט אשקלון ברנע,קרפור,קרפור מרקט,68.0,הודית לייפר מילר 6,אשקלון,7880811.0,31.69902796455685,34.583199940113595,9.213879480777303,2133
car_073,קרפור מרקט עתלית,קרפור,קרפור מרקט,73.0,רחוב הרדוף מרכז מסחרי,עתלית,3032706.0,32.6960656,34.9458283,9.462204702193064,3794
car_074,קרפור רמלה לוין,קרפור,קרפור מרקט,,אבא אחימאיר 1 קרית מנחם,רמלה,7228401.0,31.9189548,34.8694953,0.12679304125605534,2885
car_080,טבעון,קרפור,קרפור,80.0,"קק""ל 16 קרית טבעון",טבעון,3608208.0,32.7116459,35.1201256,11.078318976348635,2512
car_081,ראשון מערב,קרפור,קרפור מרקט,81.0,השירה העברית 10,ראשון לציון,7573105.0,31.97772708027238,34.76956833686881,7.465932538035034,2333
car_083,סיטי צור יצחק,קרפור,קרפור סיטי,83.0,א.ת מסחרי צור יצחק,צור יצחק,4580800.0,32.2415041,34.9972202,2.7388870076005314,2891
car_084,סיטי מתן,קרפור,קרפור סיטי,84.0,הדר 84,מתן,4585800.0,32.1590279,34.9733804,10.808480158236469,3637
car_085,סיטי מנחם בגין,קרפור,קרפור סיטי,85.0,מנחם בגין 152,תל אביב יפו,0.0,32.0794051,34.7950758,6.4111979833158665,4561
car_089,סיטי תל אביב TLV,קרפור,קרפור סיטי,,קניון גינדי - רחוב קרליבך תל אביב,תל אביב יפו,6713208.0,32.0692273,34.7863364,6.788861101913385,6949
car_091,קרפור מרקט ריינס,קרפור,קרפור מרקט,,ריינס 6 שכונת קרית משה,ירושלים,9542731.0,31.8408456,35.2481814,-1.35527711798046,3196
car_108,סיטי פנקס תל אביב,קרפור,קרפור סיטי,108.0,46-50 פנקס,תל אביב יפו,6226112.0,32.090765,34.788861,8.142198114141866,9667
car_1139,סיטי רון כפר סבא,קרפור,קרפור סיטי,1139.0,2 יעקב כהן,כפר סבא,4440202.0,32.1817468,34.909965,7.358721306013937,9095
car_116,סיטי ככר דיזנגוף,קרפור,קרפור סיטי,116.0,9 ככר דיזנגוף,תל אביב יפו,6428110.0,32.0983446,34.77493980000001,7.62918473101377,7168
car_117,סינמה סיטי,קרפור,קרפור היפר,117.0,סינמה סיטי באר שבע,באר שבע,3541416.0,31.234323996656695,34.799772831474684,-7.209301784388232,11469
car_119,מרקט כרכור,קרפור,קרפור מרקט,119.0,"שדרות מחנה 80, מספר 4",פרדס חנה כרכור,0.0,32.46547413534561,34.98856952472133,-3.0779766597607954,7828
car_120,היפר אופקים,קרפור,קרפור היפר,120.0,בצלאל 1,אופקים,,31.318865510178096,34.629278389071956,-4.228291765471785,5572
car_1201,מגה יהלומים גבעתיים,קרפור,מגה,1201.0,1 כורזין,גבעתיים,5358301.0,32.05918965714699,34.81596990988867,0.8233712104309455,5335
car_121,קרפור טמרה,קרפור,קרפור מרקט,121.0,טמרה,טמרה,1234456.0,32.85543142729637,35.18640762177128,-2.623489445512448,4131
car_1228,תל כביר,קרפור,קרפור,1228.0,גרינבאום 45 תל כביר,תל אביב יפו,6810982.0,32.0404773,34.7658227,0.5887841244364866,4076
car_123,מרקט בית שמש האמוראי,קרפור,קרפור מרקט,123.0,שדרות האמרואים 28,בית שמש,8713504.0,31.70741493158054,34.96692603908121,-3.124618197451599,6293
car_124,מרקט יבנה דואני,קרפור,קרפור מרקט,1.0,דואני 42,יבנה,7564312.0,31.87436402760722,34.73732356642603,-4.604450430101403,6366
car_125,קרפור יבנה נאות שמיר,קרפור,קרפור מרקט,1.0,הרצל 19,יבנה,7080919.0,31.859517459941006,34.72168715796869,-3.4259574169902285,8197
car_1252,קרפור אילת מעלה,קרפור,קרפור מרקט,,דרך יותם פינת רח ארגמן,אילת,8820206.0,29.55571120085781,34.94119398083048,-13.597141146902688,6197
car_126,היפר עפולה,קרפור,קרפור היפר,126.0,מנחם בגין 53,עפולה,1871338.0,32.60020237303198,35.29282357742796,-6.638435891670458,11253
car_127,היפר נתיבות מרכז,קרפור,קרפור היפר,1.0,בעלי מלאכה 3,נתיבות,8776202.0,31.418128767771762,34.59509801058291,-7.040628757287184,10428
car_128,היפר ירושלים תלפיות,קרפור,קרפור היפר,1.0,האומן 14,ירושלים,9342109.0,31.7507613153456,35.20996770874763,-7.141395126310625,11023
car_129,קרפור קרית שמונה,קרפור,קרפור מרקט,129.0,טשרניחובסקי 4,קרית שמונה,1103131.0,33.21086415546926,35.56873232415067,-8.074318139684053,8911
car_132,סיטי ויצמן תל אביב,קרפור,קרפור סיטי,132.0,20 ויצמן,תל אביב יפו,6423001.0,32.0831251,34.7893552,7.559109820607647,6886
car_140,סיטי גרינברג חיפה,קרפור,קרפור סיטי,140.0,20 א.צ גרינברג,חיפה,3475712.0,32.7754412,34.9915007,5.749172067928691,5443
car_1430,סיטי קניון קיראון,קרפור,קרפור סיטי,1430.0,שלמה המלך,קרית אונו,542335.0,32.0556897,34.86268950000001,11.662323808875481,5031
car_183,עוזיאל בת ים,קרפור,קרפור,,5 עוזיאל,בת ים,5946105.0,32.023287,34.7479501,7.048563613832333,8127
car_191,מגה ויצמן חולון,קרפור,מגה,191.0,48 סוקולוב,חולון,5832201.0,32.0182484,34.7707667,-2.895283600680166,6973
car_2040,מגה כרמליה חיפה,קרפור,מגה,,אלכסנדר ינאי 3 חיפה,חיפה,3481603.0,32.797406,34.975196,10.447866887779663,2673
car_2070,סיטי כפר יונה דרום,קרפור,קרפור סיטי,2070.0,40 מנחם בגין,כפר יונה,4035736.0,32.3117945,34.9367876,11.82273409980891,4325
car_213,סיטי אבן גבירול תא,קרפור,קרפור סיטי,213.0,30 אבן גבירול,תל אביב יפו,6467807.0,32.0750419,34.7819586,8.527555052018275,9363
car_2150,קרפור מרקט אילת,קרפור,קרפור מרקט,2150.0,חטיבת גולני 43,אילת,88000.0,29.565905026747682,34.955755317253164,-17.421882089325678,5563
car_2180,מגה אבן יהודה,קרפור,מגה,2180.0,הדרים פינת המיסדים,אבן יהודה,4051113.0,32.2692212,34.89067910000001,11.703346206496832,4320
car_2190,מגה גני העיר רחובות,קרפור,מגה,,15 דרך ירושלים,רחובות,7663008.0,31.8802184,34.8206734,11.601873448547392,4021
car_221,מרקט מגדל נחום בת ים,קרפור,קרפור מרקט,221.0,65 שדרות העצמאות,בת ים,5939552.0,32.0283833,34.7488523,-2.636775186380148,8915
car_2230,מרקט גני אביב לוד,קרפור,קרפור מרקט,2230.0,ארבע עונות 14,לוד,7145806.0,31.9590876,34.8803708,-0.030980495510201822,6150
car_2240,מרקט בית וגן ק.אתא,קרפור,קרפור מרקט,2240.0,10 העצמאות,קרית אתא,2807110.0,32.7983003,35.1027423,1.6944085855255027,4594
car_2310,מרקט גן יבנה,קרפור,קרפור מרקט,2310.0,הרצל פ.קיבוץ גלויות,גן יבנה,7080901.0,31.7895298,34.7118682,0.14573905718878852,4164
car_2320,סיטי קניון גבעתיים,קרפור,קרפור סיטי,2320.0,ויצמן פינת יצחק רבין,גבעתיים,5346903.0,32.0663446,34.8109297,12.25965789284163,6894
car_2330,סיטי אשדוד יב,קרפור,קרפור סיטי,2330.0,תמוז 14 מרכז מסחרי,אשדוד,7775114.0,31.7814535,34.6380512,11.765382653966602,4358
car_2410,מרקט עיר ימים נתניה,קרפור,קרפור מרקט,2410.0,שדרות בן גוריון,נתניה,4227231.0,32.2791567,34.8470676,1.305255353843955,5984
car_2470,ש. נאות חן חדרה,קרפור,קרפור,2470.0,הלל יפה 5 פינת סמילנסקי,חדרה,3820308.0,32.4339439,34.9158956,-0.7112802866665838,4435
car_2490,מגה כפר שלם,קרפור,מגה,2490.0,10 סנפיר,תל אביב יפו,6729801.0,32.0515996,34.8056166,11.411556776814209,3757
car_2518,מגה פארק הירקון,קרפור,מגה,,1 שלום אש,תל אביב יפו,6948307.0,32.100744,34.807026,11.681169763920096,3614
car_2530,מגה בת גלים,קרפור,מגה,2530.0,37 העליה השניה,חיפה,3501601.0,32.8318585,34.9792929,11.397454586042164,3532
car_2540,מרקט מודעין שמשוני,קרפור,קרפור מרקט,2540.0,עמק בית שאן פינת יחזקאל הנביא,מודיעין מכבים רעות,7171702.0,31.9120349,35.0018653,-0.18438556677632364,5872
car_256,מגה רמת יוסף בת ים,קרפור,מגה,256.0,20 מבצע סיני,בת ים,5951503.0,32.0206175,34.7568551,6.583180542299434,5678
car_2577,מגה לב נתניה,קרפור,מגה,2577.0,32 הרב קוק,נתניה,4226110.0,32.2950621,34.8505542,11.461190985837463,4385
car_2730,מגדל העמק,קרפור,קרפור,2730.0,ניצנים 39,מגדל העמק,2351330.0,32.6823717,35.2373076,-0.805619307226496,3985
car_2740,מרקט שרונה רחובות,קרפור,קרפור מרקט,2740.0,מדר פינת דרך ירושלים,רחובות,7663101.0,31.8874564,34.8200824,0.7476844551569254,5600
car_2750,"קרפור עמישב פ""ת",קרפור,קרפור מהדרין,,דרך מנחם בגין 96,פתח תקווה,4973295.0,32.069694,34.9142034,-0.36193505715968877,4791
car_2840,מרקט אשדוד ח,קרפור,קרפור מרקט,2840.0,הרב לוין מ.מסחרי,אשדוד,7763804.0,31.7836627,34.6534113,-0.9918786915383453,4186
car_2960,סיטי זכרון יעקב,קרפור,קרפור סיטי,2960.0,.10 חברה חשבונאית,זכרון יעקב,3094089.0,32.5661431,34.9424895,11.496558058732955,4938
car_2976,סיטי צפון באר שבע,קרפור,קרפור סיטי,2976.0,101 אברהם אבינו,באר שבע,8454001.0,31.2700224,34.7972186,11.56770994575417,2918
car_3020,בית אליעזר,קרפור,קרפור היפר,,חדרה,חדרה,3848221.0,32.4339559,34.9158064,8.178412405698174,3209
car_3050,מגה קניון כפר יונה,קרפור,מגה,3050.0,6 שרת,כפר יונה,4035806.0,32.3207607,34.9360101,11.66229495549095,3399
car_3174,סיטי גבעת שמואל,קרפור,קרפור סיטי,3174.0,האורנים,גבעת שמואל,54045301.0,32.0679616,34.8457903,10.871700508164018,2858
car_3180,מגה רמות צהלה,קרפור,מגה,3180.0,4-6 גרפית,תל אביב יפו,6930041.0,32.121315,34.830805,7.450389733540381,2866
car_3210,מגה לב אשקלון,קרפור,מגה,,שכונת שמשון,אשקלון,7864118.0,31.65515009416126,34.55664150563116,11.503940820603123,3783
car_3280,סיטי אלוני השרון,קרפור,קרפור סיטי,3280.0,תום לנטוס 26 ק.השרון,נתניה,4276001.0,32.30698939271339,34.86910161128421,11.746057343036535,3576
car_329,סיטי נאות רחל חולון,קרפור,קרפור סיטי,329.0,מגה בעיר,חולון,5836111.0,32.018338341531155,34.76472249454291,7.104387300843306,8984
car_3300,מגה שכונה ו באר שבע,קרפור,מגה,,קנ.אביה שד.שאול המלך,באר שבע,8479612.0,31.261528,34.784254,0.0692369535534469,4411
car_337,מגה נאות אפקה,קרפור,מגה,,15 לאה,תל אביב יפו,6941215.0,32.1202037931965,34.8203992233843,7.8713695594588025,8067
car_3420,מגה אלנבי ירושלים,קרפור,מגה,,"בית""ר פינת ינובסקי",ירושלים,9338603.0,31.7554312561794,35.2243191828876,-0.015495807289055308,4129
car_3440,סיטי מזכרת בתיה,קרפור,קרפור סיטי,3440.0,8 שדרות אליהו,מזכרת בתיה,7685448.0,31.8544885,34.8422381,11.411928338880369,3780
car_345,סיטי נאות שושנים חול,קרפור,קרפור סיטי,345.0,הסתדרות 104,חולון,5840006.0,32.0167759,34.7813891,6.571520065491984,6952
car_3506,סיטי גבעת סביון,קרפור,קרפור סיטי,3506.0,78 הגליל,גני תקווה,5591478.0,32.0570106,34.8686103,11.353551781021249,4861
car_353,סיטי הצרכנייה אשדוד,קרפור,קרפור סיטי,353.0,25 רוגוזין,אשדוד,7744003.0,31.8041835,34.6429239,7.603349642922569,7938
car_3580,סיטי רמות אלון חיפה,קרפור,קרפור סיטי,3580.0,29 יגאל אלון,חיפה,3298331.0,32.7732794,35.0130904,11.175902583157788,4272
car_3600,מגה בעיר- שטמפפר,קרפור,מגה,,"שטמפפר 73, פינת אבניאל פ""ת",פתח תקווה,4929078.0,32.093471,34.8902527,7.957180125773253,3478
car_3610,הרצל חיפה,קרפור,קרפור,,הרצל 97,חיפה,3321609.0,32.804778,35.0033715,-0.1883124471064444,3664
car_3680,קרפור מרקט בית שמש,קרפור,קרפור מרקט,,נחל השורק 23,בית שמש,9909135.0,31.7145524,34.9886899,-0.29316445347686254,4571
car_3700,מרקט נווה זאב בש,קרפור,קרפור מרקט,3700.0,64 יוהנה זבוטינסקי,באר שבע,8425842.0,31.2395415,34.7740533,0.7640706924999422,6048
car_3740,מרקט אפרידר אשקלון,קרפור,קרפור מרקט,3740.0,5 שדרות ירושלים,אשקלון,761719.0,31.6778055,34.5753127,-0.5238980791316697,3711
car_3850,סיטי בית הכרם ים,קרפור,קרפור סיטי,3850.0,אבי זהר,ירושלים,9626701.0,31.7753984,35.1875994,11.481625412238362,5586
car_3990,סיטי תל ברוך תא,קרפור,קרפור סיטי,3990.0,8 בקר,תל אביב יפו,6464316.0,32.1227035,34.816677,11.940594792743523,4826
car_400,רפור סיטי קניון כפר סבא (1030),קרפור,קרפור סיטי,400.0,כצנלסון 20,כפר סבא,4440522.0,32.17866029246674,34.90361539912085,7.405540250163754,8516
car_401,קרפור סיטי הוד השרון,קרפור,קרפור סיטי,401.0,שלום עליכם 1,הוד השרון,4500901.0,32.15934863573798,34.887957125952326,7.076725221949204,7469
car_402,קרפור סיטי דיזנגוף,קרפור,קרפור סיטי,402.0,דיזנגוף 65,תל אביב יפו,6433237.0,32.07590257397277,34.774601381768896,5.411562949470178,10006
car_403,קרפור סיטי הצרכנייה רמלה,קרפור,קרפור סיטי,403.0,שדרות הרצל 45,רמלה,7240613.0,31.931969207144462,34.869324564567385,-3.808399847162831,6435
car_405,קרפור סיטי נווה כרמית,קרפור,קרפור סיטי,405.0,זבוטינסקי 65,ארשון לציון,7521819.0,31.966792099340918,34.799095807509204,8.251871835491176,8303
car_407,קרפור בעיר חפץ חיים,קרפור,קרפור סיטי,407.0,הרצל 28,רחובות,4943519.0,31.881655487737174,34.81784746742578,7.172667762835745,8916
car_408,קרפור סיטי צמרות,קרפור,קרפור סיטי,408.0,ניסים אלוני,תל אביב יפו,6291924.0,32.08899725592976,34.797171246061765,8.202754831839528,9361
car_411,קרפור סיטי מגדלי דוד,קרפור,קרפור סיטי,411.0,אורי 12,תל אביב יפו,6495410.0,32.08148226444495,34.78546305293324,7.523303196063036,8321
car_4110,קרפור מרקט לב הרצליה,קרפור,קרפור מרקט,,בן גוריון 2,הרצליה,4678501.0,32.1666234,34.8422973,1.5927687305702425,5132
car_4120,מגה הדר הרצליה,קרפור,מגה,,2 הדר,הרצליה,4629025.0,32.16757451108522,34.849346267566425,11.347640752775012,4047
car_413,קרפור סיטי מגדלי דוד,קרפור,קרפור סיטי,413.0,קפלן 13,קרפור סיטי בילינסון פתח תקווה,4943712.0,32.088539758490725,34.86884250600394,6.875095294378241,7528
car_4130,סיטי נווה אמירים,קרפור,קרפור סיטי,4130.0,82 בן גוריון,הרצליה,4644630.0,32.1545039,34.8421088,12.03752815847536,5286
car_414,קרפור סיטי מעוז אביב,קרפור,קרפור סיטי,414.0,בני אפרים 209,תל אביב יפו,6998421.0,32.111225011416536,34.81612726827828,7.685994895124222,5533
car_415,קרפור סיטי רמת אביב,קרפור,קרפור סיטי,415.0,אבא אחימאיר 35,תל אביב יפו,6949219.0,32.12482529093308,34.80448503759174,8.12074678612711,9365
car_4150,סיטי הרצליה פיתוח,קרפור,קרפור סיטי,4150.0,34 זהר טל,הרצליה,4674134.0,32.1708537,34.8028265,11.847874240591626,2811
car_416,קרפור היפר שדרות,קרפור,קרפור היפר,416.0,קניון פנינת הנגב שדרות,שדרות,8714517.0,31.52869307851911,34.60617883964183,-6.589491859610143,11142
car_4160,סיטי נוף ים הרצליה,קרפור,קרפור סיטי,4160.0,10 שער הים,הרצליה,4660610.0,32.1879828,34.8128297,11.714286357473386,2186
car_4170,מגה נוה עמל,קרפור,מגה,4170.0,19 כצנלסון,הרצליה,4629010.0,32.16909877756077,34.85627551781642,11.536915673885165,3018
car_4200,סיטי זרובבל ר.השרון,קרפור,קרפור סיטי,4200.0,33 סוקולוב,רמת השרון,4723602.0,32.141958,34.8365545,11.520475139503638,3349
car_4220,סיטי נס ציונה,קרפור,קרפור סיטי,4220.0,1 אבנר בן נר,נס ציונה,7422018.0,31.9220671,34.8099931,11.072970952476718,4327
car_4270,קרפור מרקט אלעד,קרפור,קרפור מרקט,,בן זכאי 32,אלעד,4080041.0,32.0475883,34.9556007,-0.3653256264315137,3486
car_4280,מרקט אודיטוריום חיפה,קרפור,קרפור מרקט,4280.0,134 שדרות הנשיא,חיפה,3464502.0,32.8032646,34.9858779,0.5313663791299817,5389
car_4420,מגה אואזיס רמת גן,קרפור,מגה,,87 הרצל,רמת גן,5244346.0,32.087926882504064,34.81447435036713,9.274197052255094,4283
car_470,קרפור סיטי מגדלי כרמל,קרפור,קרפור סיטי,470.0,חנה סנש 20,חיפה,3385401.0,32.80119205548193,34.99636820693629,9.637062013436532,5215
car_493,"מגה הרוא""ה ר""ג",קרפור,מגה,493.0,"2 הרוא""ה",רמת גן,5243201.0,32.08362050582349,34.816014094546404,7.170935528952719,5704
car_515,"מגה רווה ר""ג - חדש",קרפור,מגה,515.0,113 עוזיאל,רמת גן,5234439.0,32.06848391881082,34.82197887252382,7.2302180254612205,7300
car_5204,קוויק כפר סבא,קרפור,קוויק,5204.0,,כפר סבא,,32.17352634870429,34.89124840690674,14.228385508258887,1022
car_523,מגה דימונה,קרפור,מגה,,1 הנשיא,דימונה,8603401.0,31.069419,35.033363,6.599471747857505,6712
car_5304,כפא סבא @ קרפור,קרפור,קרפור,, כפר סבא,כפר סבא,4450012.0,32.1862357,34.9044103,3.7276836958686363,4958
car_558,סיטי רמת החייל תא,קרפור,קרפור סיטי,558.0,7 ד.מ. מרכוס,תל אביב יפו,6988213.0,32.1141968,34.8356933,8.050927751476808,6529
car_580,סיטי עמק הברכה,קרפור,קרפור סיטי,580.0,עמק הברכה,תל אביב יפו,6745613.0,32.076308,34.7989587,7.510041898691311,5897
car_610,סיטי באר שבע,קרפור,קרפור סיטי,610.0,42 שדרות י-ם,באר שבע,8477116.0,31.24748704184297,34.780067818357125,6.146236208660561,5868
car_620,סיטי נתניה,קרפור,קרפור סיטי,620.0,29 ירושלים,נתניה,4230317.0,32.3242633652502,34.8550983080518,6.714876487008052,5573
car_698,סיטי בית אבות רמת א,קרפור,קרפור סיטי,698.0,2 שד.הארזים,רמת אפעל,5290366.0,32.0518163,34.8366946,5.892373862787003,3569
car_701,סיטי קרית אונו,קרפור,קרפור סיטי,701.0,57 הנשיא,קרית אונו,5557057.0,32.0605508,34.8559181,6.91975869069942,4942
car_752,מגה רמת אפעל מרכז מ,קרפור,מגה,,16 שד.האורנים,רמת אפעל,5290350.0,32.047236,34.835859,7.539338632393941,7643
car_820,מגה מרכז רעננה- חדש,קרפור,מגה,,114 אחוזה,רעננה,4345015.0,32.1818726,34.8699162,7.730790811926036,6078
car_830,קרפור גולן רעננה,קרפור,קרפור,,אחוזה 198,רעננה,4355801.0,32.1827356,34.8657024,0.7655482272824775,3992
car_850,מגה מרכז מסחרי קרית,קרפור,מגה,,1 התקומה,רעננה,4353501.0,32.1923797,34.8745337,7.648392402436096,6736
car_870,סיטי ותיקים רעננה,קרפור,קרפור סיטי,870.0,11 ההסתדרות,רעננה,4345605.0,32.1860931,34.8763149,6.849672549195669,5463
car_906,סיטי מרכז נתניה,קרפור,קרפור סיטי,906.0,שטמפר,נתניה,4240223.0,32.3280827,34.8539921,7.349551689675538,7485
car_914,סיטי נווה אביבים תא,קרפור,קרפור סיטי,914.0,13 אופנהיימר,תל אביב יפו,6939513.0,32.1201658,34.7997804,8.182576416590962,9024
car_981,מגה אזורים נתניה,קרפור,מגה,,14 גרינבאום יצחק,נתניה,4246514.0,32.2950621,34.8505542,7.3388549188263905,7773
osh_001,מגדל העמק,אושר עד,אושר עד,1.0,האיצטדיון 11,מגדל העמק,2303401.0,32.6696574,35.2368042,-7.906848615393938,6898
osh_003,גבעת שאול,אושר עד,אושר עד,3.0,בית הדפוס 29,ירושלים,9548334.0,31.7852087,35.1828468,-7.037471066710372,7225
osh_005,קרית ביאליק,אושר עד,אושר עד,5.0,"הנס מולר 6, צור שלום",קרית ביאליק,2751206.0,32.8618235,35.098291,-6.5960346358302875,6921
osh_006,כנות,אושר עד,אושר עד,6.0,אדום 24 פארק התעשיות כנות,כנות,7982500.0,31.8113771,34.7675852,-8.226746304618837,6370
osh_009,אשדוד,אושר עד,אושר עד,9.0,בעלי המלאכה 4,אשדוד,7761205.0,31.8123216,34.6635063,-7.891678298028974,6967
osh_010,פתח תקווה - סגולה,אושר עד,אושר עד,10.0,בן ציון גליס 30,פתח תקווה,4927930.0,32.1056568,34.8919915,-9.353077319385005,7269
osh_011,בני ברק,אושר עד,אושר עד,11.0,הקישון 11,בני ברק,5120314.0,32.0989129,34.8300771,-9.673212031169914,6860
osh_013,באר שבע,אושר עד,אושר עד,13.0,הקוצר 15 אזור תעשיה עמק שרה,באר שבע,8480904.0,31.213135783007726,34.810774460109904,-6.016217920788926,6795
osh_014,חדרה,אושר עד,אושר עד,14.0,"המסגר 22 אזה""ת הצפוני",חדרה,3850169.0,32.4493907,34.914005,-6.535424337802314,6726
osh_016,בית שמש - גליל,אושר עד,אושר עד,16.0,מורדי הגיטאות 6,בית שמש,9958206.0,31.747651,34.990749,-7.882151195085193,7180
osh_018,ביתר עילית,אושר עד,אושר עד,18.0,ביתר עילית,ביתר עילית,0.0,31.704385684599483,35.1165733934329,-7.497782209188971,6808
osh_019,עפולה,אושר עד,אושר עד,19.0,לסקוב,עפולה,0.0,32.62501598837555,35.31467838100988,-9.45518397560358,6775
osh_020,לוד,אושר עד,אושר עד,20.0,בת שבע 1 מתחם טלרד,לוד,7120101.0,31.9533935,34.8917808,-5.32360371228002,6647
osh_022,אשקלון בת הדר,אושר עד,אושר עד,22.0,בת הדר,אשקלון,7910300.0,31.648125,34.597146,-5.5754277428113115,6441
osh_023,נתניה,אושר עד,אושר עד,23.0,שדרות תום לנטוס,נתניה,4276019.0,32.3036425,34.8696287,-5.501165627456524,7044
osh_024,תל אביב,אושר עד,אושר עד,24.0,קרמינצקי 3,תל אביב יפו,6789903.0,32.067096,34.7936383,-5.976798107570239,6787
osh_025,ראשון לציון,אושר עד,אושר עד,25.0,אצל 26,ראשון לציון,7570630.0,31.9722597,34.8093139,-6.421767283650934,6675
osh_026,תלפיות,אושר עד,אושר עד,26.0,פייר קניג 26 קניון הדר,ירושלים,9346934.0,31.7534343,35.213897,-6.833780753753896,7217
osh_028,שמגר,אושר עד,אושר עד,28.0,שמגר 16,ירושלים,9446116.0,31.7947479,35.208407,-7.7239877141323126,6265
osh_029,קרית ים,אושר עד,אושר עד,29.0,גולדה מאיר 2,קרית ים,2905737.0,32.8560183,35.0776785,-5.621996551134634,6701
osh_030,חיפה,אושר עד,אושר עד,30.0,דרך בר יהודה 31,חיפה,3262724.0,32.8009038,35.013511,-6.755203255469063,6888
osh_031,כפר סבא,אושר עד,אושר עד,31.0,דרך הים 9,כפר סבא,4418001.0,32.18499,34.953063,-7.703097042919728,7004
osh_032,קרית אונו,אושר עד,אושר עד,32.0,שמירה אימבר גדיש 9,קרית אונו,5510101.0,32.035023,34.864173,-6.203199236312803,6974
ram_002,בזק מחסני מזון,רמי לוי,רמי לוי,2.0,יד חרוצים 18,ירושלים,0.0,31.7510508,35.2153716,-8.414634003500305,7098
ram_003,רמי לוי בשכונה,רמי לוי,רמי לוי,3.0,90 דרך החורש,ירושלים,0.0,31.8092121,35.1941519,-9.04789312547524,4290
ram_005,רב מכר,רמי לוי,רמי לוי,5.0,הפרסה 3,ירושלים,0.0,31.7520269,35.2091884,-7.606979307696371,9439
ram_006,מישור אדומים,רמי לוי,רמי לוי,6.0,איתם 1,מישור אדומים,0.0,31.793032568625936,35.334513115197595,-7.982191514037884,9476
ram_007,מבשרת,רמי לוי,רמי לוי,7.0,החוצבים 10,מבשרת ציון,0.0,31.7964782,35.1465644,-7.600011993704684,9283
ram_008,שער בנימין,רמי לוי,רמי לוי,8.0,מרכז מסחרי מטה בנמין,ירושלים,0.0,31.8657346800454,35.2596698516709,-7.897549479601944,8579
ram_009,קסיטנה,רמי לוי,רמי לוי,9.0,א.ת באר טוביה,קרית מלאכי,0.0,31.7278229,34.754139,-8.18129970684319,8976
ram_010,מודיעין חדש,רמי לוי,רמי לוי,10.0,א.ת שילת,מודיעין מכבים רעות,0.0,31.921173,35.014572,-7.681152784972583,9191
ram_011,עפולה,רמי לוי,רמי לוי,11.0,יהושוע חנקין 14,עפולה,0.0,32.6036284,35.2930192,-8.654010754719017,8824
ram_012,ביתר עלית,רמי לוי,רמי לוי,12.0,ביתר עלית,ירושלים,0.0,31.69984809999999,35.107769,-7.7598381697005525,6693
ram_013,גבעת שאול,רמי לוי,רמי לוי,13.0,בית הדפוס 13,ירושלים,0.0,31.7857605,35.1873851,-8.255811156613705,7105
ram_014,טבריה,רמי לוי,רמי לוי,14.0,צומת פוריה ביג,טבריה,0.0,32.7844835,35.4986223,-7.779688026530277,9280
ram_015,נשר,רמי לוי,רמי לוי,15.0,דרך השלום 13,חיפה,0.0,32.7701955,35.0473851,-8.154321868347491,9007
ram_016,רמת גן איילון,רמי לוי,רמי לוי,16.0,מבצע קדש 68,בני ברק,0.0,32.1013984,34.8311958,-7.845241107913669,8752
ram_017,ראש העין,רמי לוי,רמי לוי,17.0,א.ת לב הארץ,ראש העין,0.0,32.1072425,34.9555511,-7.855829490960769,9204
ram_019,אדמרליטי,רמי לוי,רמי לוי,19.0,חלוצי התעשיה 73,חיפה,0.0,32.8187067,35.0536682,-8.444787715609035,8461
ram_020,זכרון יעקב,רמי לוי,רמי לוי,20.0,מול זכרון,זכרון יעקב,0.0,32.569352,34.93345,-8.539776069655515,9271
ram_022,כנפי נשרים,רמי לוי,רמי לוי,22.0,כנפי נשרים 26,ירושלים,0.0,31.7882871,35.1850293,-7.1037077014674574,7837
ram_023,גוש עציון,רמי לוי,רמי לוי,23.0,צומת גוש עציון,גוש עציון,0.0,31.6425423,35.15158,-7.856336562387519,8886
ram_024,נתניה,רמי לוי,רמי לוי,24.0,המחקר 3,נתניה,0.0,32.2927627,34.8623046,-7.956181252037057,9250
ram_025,מודעין ישפרו,רמי לוי,רמי לוי,25.0,מתחם ישפרו,מודיעין מכבים רעות,0.0,31.889053458316987,34.96044549373903,-8.259628565137183,8314
ram_026,אשדוד,רמי לוי,רמי לוי,26.0,היהלומים 8,אשדוד,0.0,31.8142964,34.6595852,-8.68008706930933,9215
ram_027,באר שבע,רמי לוי,רמי לוי,27.0,הע.ל עמק שרה,באר שבע,0.0,31.23328170126853,34.799941899372875,-8.305871862629827,8651
ram_028,עכו,רמי לוי,רמי לוי,28.0,בוליטמור 2,עכו,0.0,32.8990325,35.0914497,-8.118805257462771,8538
ram_029,פרדס חנה ביג,רמי לוי,רמי לוי,29.0,תדהר 1,פרדס חנה כרכור,0.0,32.4888176,34.9705182,-7.836153924801063,9374
ram_030,קדימה,רמי לוי,רמי לוי,30.0,הזרם 2,קדימה,0.0,32.2762888,34.9204034,-8.010085788247768,8729
ram_031,נתיבות,רמי לוי,רמי לוי,31.0,צומת בית הגדי,נתיבות,0.0,31.422839,34.607878,-8.148764802266598,8417
ram_032,נהריה,רמי לוי,רמי לוי,32.0,היוצרים א.ת צפוני,נהריה,0.0,33.0327904,35.1034588,-7.492571224955792,9174
ram_033,כפר סבא,רמי לוי,רמי לוי,33.0,גלגלי פלדה 2,כפר סבא,0.0,32.1728401,34.9275245,-7.644091012987952,9119
ram_034,פתח תקווה,רמי לוי,רמי לוי,34.0,הסיבים 37,פתח תקווה,0.0,32.0877037,34.8573341,-7.963967977000308,9322
ram_035,אשקלון,רמי לוי,רמי לוי,35.0,המתכנן 8,אשקלון,0.0,31.6355114,34.5528526,-7.747276099260529,8473
ram_036,כרמיאל,רמי לוי,רמי לוי,36.0,היוצרים 7,כרמיאל,2165233.0,32.9235,35.3080062,-7.835565539780333,9237
ram_037,נתניה חדש,רמי לוי,רמי לוי,37.0,האורזים 8,נתניה,0.0,32.322118237156204,34.87136195739262,-7.8880152700803245,8637
ram_038,קרית שמונה,רמי לוי,רמי לוי,38.0,איזור תעשיה צפוני קרית שמונה,קרית שמונה,0.0,33.216187,35.587746,-8.632411313360695,7915
ram_040,יבנה,רמי לוי,רמי לוי,40.0,הקישון 9 קניון G,יבנה,0.0,31.885868,34.7338294,-8.2087271936728,8392
ram_041,רחובות,רמי לוי,רמי לוי,41.0,מוטי קינד 1,רחובות,7638507.0,31.89335419999999,34.7865316,-6.061561794554648,8270
ram_042,לוד,רמי לוי,רמי לוי,42.0,שד הציונות 1,לוד,7127710.0,31.94530289999999,34.8917808,-8.109110959308385,7352
ram_043,ראשון לציון,רמי לוי,רמי לוי,43.0,שד משה דיין,ראשון לציון,7565839.0,31.98476377570436,34.76957949454104,-7.8850096470520885,8508
ram_044,חדרה,רמי לוי,רמי לוי,44.0,השלום 1,חדרה,3846201.0,32.4555358,34.9052124,-7.819615579623116,13721
ram_045,בת ים,רמי לוי,רמי לוי,45.0,העמל 20,בת ים,5960705.0,32.0045095,34.7475226,-8.049230778165422,8534
ram_046,רעננה,רמי לוי,רמי לוי,46.0,החרושת 12,רעננה,4365706.0,32.194741,34.8812187,-7.724517189860029,9292
ram_048,עטרות,רמי לוי,רמי לוי,48.0,קניון עטרות,ירושלים,0.0,31.8534787,35.2175129,-7.86545699325779,8787
ram_049,בית שמש,רמי לוי,רמי לוי,49.0,יגאל אלון 4,בית שמש,9906204.0,31.756019391952368,34.986640894528605,-7.807441151870033,8327
ram_050,חולון,רמי לוי,רמי לוי,50.0,תמנע 6,חולון,5881213.0,32.0239698,34.7983618,-7.786958967216241,9960
ram_053,אריאל,רמי לוי,רמי לוי,53.0,הבנאי 6,אריאל,0.0,32.1007198,35.1701331,-7.39300619279241,9610
ram_054,קרית גת,רמי לוי,רמי לוי,54.0,דרך הדרום 3 מרכז ביג,קרית גת,0.0,31.6038516,34.7722626,-8.150118151221179,8497
ram_055,רמת החייל,רמי לוי,רמי לוי,55.0,דבורה הנביאה 127,תל אביב יפו,8424408.0,32.1130943,34.8425025,-7.977639588176903,9750
ram_056,אשקלון צפון,רמי לוי,רמי לוי,56.0,צהל 99,אשקלון,0.0,31.6619129,34.5945205,-8.445438907298835,7521
ram_057,עזריאלי חיפה,רמי לוי,רמי לוי,57.0,משה פלימן 4,חיפה,3508416.0,32.7896594,34.9656482,-7.99320459822591,8603
ram_058,חדרה ויוה,רמי לוי,רמי לוי,58.0,תרנא 20,חדרה,0.0,32.4368339,34.9254335,-8.078534877954802,4982
ram_059,רמלה,רמי לוי,רמי לוי,59.0,שדרות הרצל 91,רמלה,7243003.0,31.9263512,34.876961,-8.784626792643841,4622
ram_061,כרמי גת,רמי לוי,רמי לוי,61.0,כרמי גת,קרית גת,,31.604080015409,34.7722625952482,-8.310690579224202,8552
ram_062,צק פוסט,רמי לוי,רמי לוי,62.0,בר יהודה ישראל 111,חיפה,0.0,32.7705497,35.0478477,-5.906165961592095,8842
ram_063,ביג באר שבע החדש,רמי לוי,רמי לוי,63.0,דרך חברון 21,באר שבע,8424408.0,31.243032289663315,34.8144199480922,-8.067392545234952,8797
ram_064,אור עקיבא,רמי לוי,רמי לוי,64.0,הכרמל 1,אור עקיבא,0.0,32.5180022290255,34.9164170712881,-8.663991020984545,5857
ram_066,מגדל העמק,רמי לוי,רמי לוי,66.0,כפר החורש,מגדל העמק,,32.6958230414412,35.2315663738441,-8.611219720165828,8384
ram_068,רמי לוי יהלום נתניה,רמי לוי, רמי לוי לעסקים,68.0,יהלום,נתניה,0.0,32.3290985063897,34.86044690214812,-7.458713207090947,7543
ram_069,אופקים,רמי לוי,רמי לוי,69.0,מנחם בגין 2,אופקים,87585.0,31.849837621937873,34.843866481768934,-7.964151564273155,8285
ram_071,רמת בית שמש,רמי לוי,רמי לוי,71.0,שדרות נהר הירקון 38,בית שמש,0.0,31.7074303,34.9994121,-7.787354513416913,7327
ram_074,רמי לוי בית שאן,רמי לוי,רמי לוי,74.0,בית שאן,בית שאן,0.0,32.49803100835091,35.50451942226555,-8.605493011467951,5181
ram_203,אילת,רמי לוי,רמי לוי,203.0,הזגג 11,אילת,8850713.0,29.5698833,34.9612922,-21.494843953440427,8283
ram_700,בית הפירות פסגת זאב,רמי לוי,רמי לוי,700.0,הרוזמרין 33,ירושלים,0.0,31.7323116,35.200415,4.870489335468935,2018
ram_703,בית הפירות פת,רמי לוי,רמי לוי,703.0,(כתובת לא מצוינת),ירושלים,0.0,31.7488339422687,35.1978327989126,3.5564468730093477,1990
ram_704,בית הפירות בית שמש,רמי לוי,רמי לוי,704.0,unknown,בית שמש,0.0,31.748987925058373,34.98618402336423,4.20530264345632,2264
ram_705,בית הפירות קרית יובל,רמי לוי,רמי לוי,705.0,אורוגוואי 1,ירושלים,0.0,31.7610863760781,35.1754852443161,3.928049727802027,1952
ram_708,עזריאלי אור יהודה,רמי לוי,רמי לוי,708.0,קניון עזריאלי אור יהודה מינוס 1,אור יהודה,0.0,32.025119,34.858117,4.426139021616953,1739
ram_709,שבט לוי אשדוד,רמי לוי,רמי לוי בשכונה,709.0,שבט לוי 14 רובע יב,אשדוד,0.0,31.7778244,34.636615,4.312813273414946,2451
ram_710,אלי כהן אשקלון,רמי לוי,רמי לוי בשכונה,710.0,אלי כהן 43,אשקלון,0.0,31.669926,34.582204,3.3609679200965514,1609
ram_711,רגר באר שבע,רמי לוי,רמי לוי בשכונה,711.0,יעקב כהן 12,באר שבע,0.0,31.254603,34.79755862431955,4.378957692665819,1870
ram_713,בן גוריון גבעתיים,רמי לוי,רמי לוי בשכונה,713.0,בן גוריון 182,גבעתיים,0.0,32.0750352,34.8183712,4.626972612543312,4071
ram_714,מגדיאל הוד השרון,רמי לוי,רמי לוי בשכונה,714.0,מגדיאל 57,הוד השרון,0.0,32.1595098,34.90185185,3.458152682150221,2331
ram_715,סוקולוב הרצליה,רמי לוי,רמי לוי בשכונה,715.0,סוקולוב 56,הרצליה,0.0,32.1670426,34.846248,3.8095229589796533,2224
ram_716,הרצל חדרה,רמי לוי,רמי לוי בשכונה,716.0,הרצל 27,חדרה,0.0,32.437384322,34.9190038,4.159152348812055,2030
ram_718,שוויצריה סוקולוב,רמי לוי,שוויצריה הקטנה,718.0,סוקולוב 84,חולון,0.0,32.0226326,34.77825519,1.9153254379039446,1173
ram_719,רוטשילד כפר סבא,רמי לוי,רמי לוי בשכונה,719.0,רוטשילד 39,כפר סבא,0.0,32.1743881,34.90785819,3.673349831803037,1919
ram_720,הרטום נתניה,רמי לוי,רמי לוי בשכונה,720.0,הרטום 40,נתניה,0.0,32.3105188,34.87186989,3.4650954103888836,2257
ram_721,שוויצריה ויצמן נתניה,רמי לוי,שוויצריה הקטנה,721.0,וייצמן 14,נתניה,0.0,32.329873159,34.859164426,4.311252614963362,3488
ram_722,חטיבה תשע עפולה,רמי לוי,סופר קופיקס,722.0,חטיבה תשע 34,7700,0.0,32.611977947,35.288221368,2.752966674347204,1504
ram_723,רמי לוי פרדסיה,רמי לוי,רמי לוי בשכונה,723.0,הארז 32,פרדסיה,0.0,32.30571776866573,34.90780931643254,3.814334255509662,2071
ram_724,קניון אבנת פתח תקווה,רמי לוי,שוויצריה הקטנה,724.0,זבוטינסקי 72,פתח תקווה,0.0,32.09309438,34.8654668,4.096317921778484,2111
ram_725,שטמפפר פתח תקווה,רמי לוי,רמי לוי בשכונה,725.0,שטמפפר 37,פתח תקווה,0.0,32.0914146638,34.88715995,4.266681243159386,1610
ram_726,רוטשילד פתח תקווה,רמי לוי,רמי לוי בשכונה,726.0,רוטשילד 182,פתח תקווה,0.0,32.0759584767,34.8854813,3.4378762954151973,1928
ram_727,קיריון קרית ביאליק,רמי לוי,רמי לוי בשכונה,727.0,דרך עכו 192,קרית ביאליק,0.0,32.8429886,35.0923142,3.1351959549635957,1678
ram_728,שבזי ראש העין,רמי לוי,רמי לוי בשכונה,728.0,שבזי 12,2640,0.0,32.0978894,34.9409454,3.011941883774303,1413
ram_729,קניון הבאר,רמי לוי,רמי לוי בשכונה,729.0,קניון הבאר,ראשון לציון,0.0,31.975858685645637,34.77402106570462,-7.131664732902889,2482
ram_730,רמי לוי רוטשילד ראשון לציון,רמי לוי,רמי לוי בשכונה,730.0,רוטשילד 45,ראשון לציון,0.0,31.963593884931356,34.80152142594321,3.814140093450807,2761
ram_731,ביאליק רמת גן,רמי לוי,רמי לוי בשכונה,731.0,ביאליק 79,רמת גן,0.0,32.08595115438999,34.81007812224632,3.6323511143749756,2484
ram_732,רמי לוי אחוזה,רמי לוי,רמי לוי בשכונה,732.0, 83 אחוזה,רעננה,0.0,32.17979178887613,34.87857854504146,3.7037104267856846,2168
ram_733,בן יהודה תל אביב,רמי לוי,רמי לוי בשכונה,733.0,בן יהודה 23,תל אביב,0.0,32.0762671,34.7679687,3.319763204476259,2420
ram_734,אסתר המלכה תל אביב,רמי לוי,רמי לוי בשכונה,734.0,אסתר המלכה 4,תל אביב,0.0,32.0790473,34.7744319,3.425039095059322,2488
ram_735,החשמונאים תל אביב,רמי לוי,רמי לוי בשכונה,735.0,חשמונאים 100,תל אביב,0.0,32.0692075,34.786733,3.4119005741384747,2314
ram_736,שוקן תל אביב,רמי לוי,רמי לוי בשכונה,736.0,שוקן 1,תל אביב,0.0,32.0547148,34.7722382,4.125516078065716,2837
ram_737,בן יהודה תל אביב,רמי לוי,רמי לוי בשכונה,737.0,בן יהודה 174,תל אביב,0.0,32.0875412,34.773397,2.920504476644237,1699
shu_001,"שלי ת""א- בן יהודה",שופרסל,שופרסל שלי,1.0,בן יהודה 79,תל אביב יפו,6343504.0,32.0813121,34.7704048,4.027941770455406,6576
shu_002,שלי ירושלים- אגרון,שופרסל,שופרסל שלי,2.0,אגרון 1,ירושלים,942650.0,31.7767924,35.2201038,4.445440502237526,7269
shu_003,שלי גבעתיים- סירקין,שופרסל,שופרסל שלי,3.0,סירקין 17,גבעתיים,5325101.0,32.0783522,34.8154036,4.487375255276491,6667
shu_004,שלי חיפה- כרמל,שופרסל,שופרסל שלי,4.0,שד' הנשיא 124 מר,חיפה,3463305.0,32.80263,34.983837,4.418882694444391,7749
shu_005,שלי ירושלים- יובל,שופרסל,שופרסל שלי,5.0,אורוגאי 3,ירושלים,9670102.0,31.760715229964752,35.17664214055967,4.663880295586011,7704
shu_007,"שלי ת""א- ארלוזורוב",שופרסל,שופרסל שלי,7.0,ארלוזרוב 53,תל אביב יפו,6264605.0,32.0860627,34.7787596,4.1714093089792454,7281
shu_009,שלי נתניה- ויצמן,שופרסל,שופרסל שלי,9.0,שד' ויצמן 27,נתניה,4225012.0,32.3314167,34.8586214,4.616450095988668,6474
shu_011,"שלי ת""א- נורדאו",שופרסל,שופרסל שלי,11.0,אבן גבירול 157,תל אביב יפו,6203719.0,32.0915815108724,34.7825578835811,4.440611425866202,6227
shu_012,יש בני ברק- ירושלים,שופרסל,יש בשכונה,12.0,ירושלים  70,בני ברק,5144404.0,32.0830544,34.8262388,1.5715403726041797,4986
shu_013,יוניברס בית שמש- העליה,שופרסל,יוניברס,13.0,העליה 1,בית שמש,9902101.0,31.7526603,34.986746,-4.355657636215277,8072
shu_014,דיל ברנע אשקלון,שופרסל,שופרסל דיל,14.0,שדרות ירושלים 122,אשקלון,0.0,31.688549,34.572634,-3.8678087972607513,8382
shu_015,"יש פ""ת- רוטשילד",שופרסל,יש בשכונה,15.0,רוטשילד 79,פתח תקווה,4947352.0,32.0863037,34.8822187,1.6074568477967266,5019
shu_017,שלי חיפה- חורב,שופרסל,שופרסל שלי,17.0,חורב 15,חיפה,3434119.0,32.7843377,34.9870127,4.56417562463161,8001
shu_018,דיל חולון-קרן היסוד,שופרסל,שופרסל דיל,18.0,קרן היסוד 1 ק.שר,חולון,5848930.0,32.0082068,34.7912443,-3.7349246947943757,7759
shu_019,שלי חיפה- זיו,שופרסל,שופרסל שלי,19.0,כצנלסון/מנדל 67,חיפה,3276617.0,32.78046500000001,35.017019,4.154096805725266,7192
shu_020,שלי רחובות- הרצל,שופרסל,שופרסל שלי,20.0,הרצל 183,רחובות,7626902.0,31.8989977,34.8099711,4.605518280037419,6881
shu_021,יש מרים ירושלים-  פארן,שופרסל,יש בשכונה,21.0,פארן 7 רמת אשכול,ירושלים,9780209.0,31.8006054,35.228641,1.5453834257172385,4820
shu_022,שלי נתניה- סמילנסקי,שופרסל,שופרסל שלי,22.0,סמילנסקי 13,נתניה,4243111.0,32.3272194,34.8550823,4.515605752280704,7236
shu_023,שלי מיתר,שופרסל,שופרסל שלי,23.0,מרכז מסחרי מיתר,מיתר,8502500.0,31.327465,34.9391288,4.572793186479546,7386
shu_024,שלי אשדוד- הנביאים,שופרסל,שופרסל שלי,24.0,הנביאים 3 רובע י,אשדוד,7747303.0,31.7835101,34.6474636,4.579222210722632,6653
shu_027,שלי רעננה- אחוזה,שופרסל,שופרסל שלי,27.0,אחוזה 82,רעננה,4320945.0,32.1797063,34.8791798,5.644814203689641,6352
shu_028,"שלי ת""א- צה""ל",שופרסל,שופרסל שלי,28.0,"צה""ל 71, מרכ",תל אביב יפו,6935139.0,32.1227143,34.8295488,5.179952997269086,7191
shu_029,אקספרס האודם חריש,שופרסל,שופרסל אקספרס,29.0,האודם,חריש,0.0,32.46726065097,35.041493028267894,9.656270030348711,4948
shu_030,שלי רמת גן- קריניצי,שופרסל,שופרסל שלי,30.0,יוסף ספיר 9,רמת גן,5262209.0,32.05577321333753,34.84955919400675,5.734776879170194,5758
shu_032,שלי רמת גן- קסם,שופרסל,שופרסל שלי,32.0,הירדן 90,רמת גן,5224701.0,32.06140799872491,34.82813629551786,4.351443858003372,6499
shu_033,שלי חיפה- סטלה,שופרסל,שופרסל שלי,33.0,טשרניחובסקי/35,חיפה,3570323.0,32.7940463,34.989571,4.501523669644934,6903
shu_034,שלי רמת השרון- סוקולוב,שופרסל,שופרסל שלי,34.0,סוקולוב 48,רמת השרון,4723514.0,32.1436352,34.8378613,4.464499103027788,6790
shu_035,יוניברס באר שבע וולפסון,שופרסל,יוניברס,35.0,רח' וולפסון 13,באר שבע,8489721.0,31.2220096,34.8034019,-4.4515787225835215,8376
shu_036,"שלי כ""ס- רוטשילד",שופרסל,שופרסל שלי,36.0,רוטשילד 65,כפר סבא,4420131.0,32.1737383,34.9080277,4.615051129038107,6309
shu_038,שלי חיפה- דניה,שופרסל,שופרסל שלי,38.0,ליבריה 2 דניה,חיפה,3491370.0,32.768007,35.005274,4.378202595887239,5932
shu_039,"שלי ת""א- ברזיל",שופרסל,שופרסל שלי,39.0,ברזיל 15,תל אביב יפו,6946025.0,32.11181132483824,34.7963370541252,4.482533451574078,8812
shu_040,"שלי ב""ש- עומר",שופרסל,שופרסל שלי,40.0,רותם מרכ מסחרי ע,עומר,8496500.0,31.264479,34.8505942,5.522190308523088,6503
shu_042,שלי ירושלים- ניות,שופרסל,שופרסל שלי,42.0,בורלא 1 שכ.ניות,ירושלים,9371401.0,31.768303,35.202846,4.781710765049642,7041
shu_043,שלי הוד השרון- הבנים,שופרסל,שופרסל שלי,43.0,הבנים 12,הוד השרון,4526814.0,32.156077,34.8922831,4.687124703400679,6697
shu_045,דיל ירושלים- תלפיות,שופרסל,שופרסל דיל,45.0,פייר קניג 35,ירושלים,9346943.0,31.753757040940155,35.21500114426202,-3.4499251862139317,9292
shu_049,"דיל ב""ש- הר בוקר",שופרסל,שופרסל דיל,49.0,הר בוקר  17,באר שבע,8489819.0,31.2726101,34.8105409,-3.9583507376943605,6714
shu_050,שלי מבשרת ציון,שופרסל,שופרסל שלי,50.0,שלום 75 שכונה ג,מבשרת ציון,9071425.0,31.8041219,35.1551013,4.267596663554452,6765
shu_051,אקספרס הרצליה,שופרסל,שופרסל אקספרס,51.0,צמרות 2,הרצליה,0.0,32.162413,34.844675,8.636489641896498,4315
shu_056,אקספרס  חריש הרימון,שופרסל,שופרסל אקספרס,56.0,האורן 47,חריש,0.0,32.459159742005724,35.04421448071977,8.365910266673762,5356
shu_057,שלי רמת השרון- אוסישקין,שופרסל,שופרסל שלי,57.0,אוסישקין 5,רמת השרון,4721005.0,32.1384018,34.8413326,3.881084260093315,7304
shu_061,אקספרס צור משה,שופרסל,שופרסל אקספרס,61.0,הערבה,צור משה,,32.2999732,34.9104653,8.051527341370967,5302
shu_062,יש חסד רכסים,שופרסל,יש חסד,62.0,הכלניות 49,רכסים,0.0,32.7547372,35.1034611,-8.688437694342664,4883
shu_065,"דיל ב""ש- צ'ורלי",שופרסל,שופרסל דיל,65.0,אורגים פינת ב.ג,באר שבע,84105.0,31.2539529,34.8148199,-3.8682716522984104,8077
shu_068,דיל כורדני,שופרסל,שופרסל דיל,68.0,ירושלים 1,קרית מוצקין,0.0,32.8590833060804,35.0928376822774,-3.712211456888521,8406
shu_069,"שלי ת""א- רמת אביב ב",שופרסל,שופרסל שלי,69.0,טאגור 38,תל אביב יפו,6920340.0,32.107476,34.795951,4.614324236627422,8386
shu_070,שלי רמת גן-מרום נווה,שופרסל,שופרסל שלי,70.0,"תרצה 19 ר""ג",רמת גן,5236431.0,32.071648,34.830577,4.440597566592634,8368
shu_071,יוניברס תל חנן  נשר,שופרסל,יוניברס,71.0,בר יהודה 147,נשר,3688306.0,32.7804467,35.0380194,-4.439886283280525,9080
shu_072,שלי רעות,שופרסל,שופרסל שלי,72.0,חבל מודיעין,מודיעין מכבים רעות,71908.0,31.887127426466417,35.018523115256244,4.25084963291817,8223
shu_073,יש חסד אשדוד,שופרסל,יש חסד,73.0,חנה סנש 9,אשדוד,7747303.0,31.7998277,34.6623938,-8.251916605073355,5614
shu_076,דיל אריאל,שופרסל,שופרסל דיל,76.0,רח' מוריה,אריאל,0.0,32.10235580000001,35.2061426,-3.795284750257177,8290
shu_077,דיל  חריש,שופרסל,שופרסל דיל,77.0,דרך ארץ,חריש,0.0,32.470755701829056,35.03926815409079,-3.9041481461756398,7884
shu_078,יש הר נוף ירושלים-שאולזו,שופרסל,יש בשכונה,78.0,שאולזון 56,ירושלים,9540057.0,31.7861401,35.1737005,1.102418249046172,4242
shu_079,אקספרס חריש,שופרסל,שופרסל אקספרס,79.0,נחשול 30,חריש,3786100.0,32.4625603287282,35.046575814361255,8.589771382155641,4174
shu_080,"שלי ראשל""צ- נווה הדרים",שופרסל,שופרסל שלי,80.0,ברנשטיין 2,ראשון לציון,7550302.0,31.960039,34.817174,4.717992667184668,6345
shu_081,יש חסד מודיעין עלית דרום,שופרסל,יש חסד,81.0,שערי תשובה 3,מודיעין עילית,0.0,31.927326714471672,35.03835288104565,-8.787748400021998,4780
shu_082,אקספרס חולון,שופרסל,שופרסל אקספרס,82.0,שמריהו לוין 2,חולון,0.0,32.0180655,34.7706369,9.022664526005686,5745
shu_083,"דיל ב""ש- שאול המלך",שופרסל,שופרסל דיל,83.0,קניון שאול המלך,באר שבע,8446811.0,31.2621396,34.776395,-3.9946836087642725,6528
shu_084,אקספרס בית חשמונאי,שופרסל,שופרסל אקספרס,84.0,אקספרס בית חשמונאי,ביתחשמונאי,0.0,31.889624,34.9173131,9.315998536973725,4223
shu_087,דיל רעננה- החרושת,שופרסל,שופרסל דיל,87.0,החרושת 8,רעננה,4365704.0,32.1931117,34.8816089,-3.5937998208431803,8315
shu_089,דיל עזריאלי - רמלה,שופרסל,שופרסל דיל,89.0,שמשון הגיבור 32,רמלה,72500.0,31.9257367,34.8638844,-3.69298404104395,6915
shu_090,אקספרס גב ים באר שבע,שופרסל,שופרסל אקספרס,90.0,האנרגיה 77,באר שבע,0.0,31.2636026,34.8112207,8.466879597624224,3819
shu_091,יוניברס עמק חפר- אזור תעשיה,שופרסל,יוניברס,91.0,א.ת. עמק חפר,חדרה,3877701.0,32.4013889,34.9019444,-4.451023358924228,8090
shu_092,דיל אשדוד- שבט לוי,שופרסל,שופרסל דיל,92.0,שבט לוי 12,אשדוד,0.0,31.778083,34.6356393,-4.02174058925864,6759
shu_093,שלי יהוד- סביונים,שופרסל,שופרסל שלי,93.0,דרך משה דיין 7,יהוד מונוסון,5645001.0,32.0303568,34.8782129,4.528701236897265,6163
shu_095,דיל חדרה- קניון אורות,שופרסל,שופרסל דיל,95.0,1ניון אורות,אור עקיבא,3060000.0,32.501976,34.9270172,-3.624156309078608,8017
shu_096,דיל חדרה- הפרדס,שופרסל,שופרסל דיל,96.0,קניון גני הדרים,חדרה,3849207.0,32.41586814403237,34.95187903689265,-4.034920709717443,6111
shu_097,דיל קרית שמונה- מתחם ביג,שופרסל,שופרסל דיל,97.0,מתחם ביג,קרית שמונה,1162401.0,33.19169979999999,35.5707447,-3.8664406452535265,7736
shu_098,דיל קרית טבעון- אלונים,שופרסל,שופרסל דיל,98.0,חוצות אלונים,טבעון,3604701.0,32.7146161,35.1252205,-4.0365484457848595,7443
shu_101,שלי הוד השרון- ק מרגלית,שופרסל,שופרסל שלי,101.0,נחליאלי 2,הוד השרון,4535502.0,32.14339427602499,34.892095081057384,4.340398740788349,7364
shu_102,שלי פרדסיה- הנשיא,שופרסל,שופרסל שלי,102.0,הנשיא 1 צ.פרדסיה,פרדסיה,4281500.0,32.3044377,34.903248,5.557370907593292,7033
shu_103,שלי שוהם- מרכז מסחרי,שופרסל,שופרסל שלי,103.0,מרכז מסחרי,שוהם,6083530.0,31.9991264,34.9472744,4.36416617113735,7314
shu_104,"שלי פ""ת- גד מכנס",שופרסל,שופרסל שלי,104.0,רוטשילד 180,פתח תקווה,9435700.0,32.077118,34.886727,4.210062424256873,5891
shu_105,"דיל פ""ת- אליעזר פרדימן",שופרסל,שופרסל דיל,105.0,אליעזר פרידמן 9,פתח תקווה,4941916.0,32.0798866,34.9023987,-4.01464817720753,7646
shu_106,יוניברס נס ציונה - הפטיש,שופרסל,יוניברס,106.0,"הפטיש 8,א.ת.",נס ציונה,7404730.0,31.9218546,34.7928326,-4.415305191029461,8489
shu_109,שלי ראש העין- ז'בוטינסקי,שופרסל,שופרסל שלי,109.0,גבעת טל,ראש העין,4857301.0,32.0925903,34.9662017,4.484383970454885,7974
shu_110,"דיל הפארק ב""ש",שופרסל,שופרסל דיל,110.0,20 נחל פרת,באר שבע,,31.2307493,34.8230902,-4.038469600388351,6520
shu_111,יש חסד טבריה עלית-לב האג,שופרסל,יש חסד,111.0,לב האגם 10,טבריה,14431.0,32.7795991,35.51695309999999,-8.657379334845055,4759
shu_113,"דיל ראשל""צ- גולדה מאיר",שופרסל,שופרסל דיל,113.0,גולדה מאיר 1,ראשון לציון,7549050.0,31.967552,34.7852707,-3.624469829178941,7399
shu_114,דילירושלים- גילה,שופרסל,שופרסל דיל,114.0,צביה ויצחק 17,ירושלים,9384014.0,31.73148,35.186812,-3.588139028334294,8460
shu_116,שלי גבעתיים- מכתש,שופרסל,שופרסל שלי,116.0,בורוכוב 54,גבעתיים,5322205.0,32.07962235584178,34.80999527078125,4.407148479920052,7126
shu_117,שלי תל אביב-איכילוב,שופרסל,שופרסל שלי,117.0,ויצמן 6,תל אביב יפו,6423914.0,32.08066989803344,34.790138601474546,4.204659876607547,7241
shu_118,דיל אילת  הסתת,שופרסל,שופרסל דיל,118.0,הסתת 15 א תעשיה,אילת,8850415.0,29.5683498,34.9597588,-14.284996783591113,9291
shu_119,דיל מודיעין- סנטר,שופרסל,שופרסל דיל,119.0,צאלון   21,מודיעין מכבים רעות,0.0,31.9060575,35.0171739,-4.066376369776685,6276
shu_121,יוניברס נהריה- לוחמי הגטאות,שופרסל,יוניברס,121.0,לוחמי הגטאות 36,נהריה,2244744.0,33.0011199,35.09698059999999,-4.377411519741793,8637
shu_122,דיל יבנה- ברוש דרך הים,שופרסל,שופרסל דיל,122.0,דרך הים 3,יבנה,8157014.0,31.8643673,34.7264833,-3.6683603744510265,8551
shu_123,דיל חולון- גולדה,שופרסל,שופרסל דיל,123.0,גולדה מאיר  7,חולון,5839101.0,32.0128283,34.7790294,-3.8838479537859265,7966
shu_124,יוניברס בת ים- אורט ישראל,שופרסל,יוניברס,124.0,אורט ישראל 25,בת ים,5959036.0,32.00892,34.746448,-4.350741013003202,8574
shu_127,אקספרס טירת הכרמל,שופרסל,שופרסל אקספרס,127.0,הדולפין 1,טירת הכרמל,0.0,32.762127,34.97298,8.632861337416307,3533
shu_128,יוניברס טירת הכרמל- נחום חת,שופרסל,יוניברס,128.0,נחום חת 5,טירת הכרמל,35085.0,32.7830105,34.9601418,-4.269983836956226,8592
shu_129,יוניברס נתניה- המלאכה,שופרסל,יוניברס,129.0,רח' המלאכה 32,נתניה,4250567.0,32.28540284693322,34.860423865721465,-4.717802282439317,7631
shu_130,דיל נתניה- קלאוזנר עמליה,שופרסל,שופרסל דיל,130.0,קלאוזנר 1,נתניה,0.0,32.30877746903207,34.875715239875355,-3.8409222726131587,7089
shu_131,אקספרס הוד השרון,שופרסל,שופרסל אקספרס,131.0,סוקולוב 37,הוד השרון,0.0,32.16571225904715,34.90176208105864,8.072454118675841,3722
shu_133,"יש חסד ביתר עילית-  הר""ן",שופרסל,יש חסד,133.0,"הר""ן 6 פינת פנים המאירים",ביתר עילית,9056506.0,31.7043471,35.1175965,-9.000141274647389,4653
shu_134,יוניברס מודיעין- ישפרו סנטר,שופרסל,יוניברס,134.0,ישפרו סנטר,מודיעין מכבים רעות,0.0,31.889990997218607,34.96250670987946,-4.5330837400361075,7601
shu_135,יוניברס אשקלון- פאור סנטר,שופרסל,יוניברס,135.0,צומת כפר סילבר,אשקלון,7929500.0,31.6748007,34.6060214,-4.435748089175422,8352
shu_139,דיל צפת-  דובק ויצמן,שופרסל,שופרסל דיל,139.0,ויצמן 20,צפת,1321736.0,32.9576669,35.4979823,-3.704447954082491,7866
shu_140,אקספרס תל חי,שופרסל,שופרסל אקספרס,140.0,תל חי 40,תל אביב יפו,0.0,32.07699716489422,34.77626703687426,8.804592385236198,3887
shu_141,דיל יוקנעם- שדרות רבין,שופרסל,שופרסל דיל,141.0,שדרות רבין 9,יקנעם,2060000.0,32.6424195,35.0924242,-3.8593973701812194,8604
shu_142,דיל זכרון- המייסדים,שופרסל,שופרסל דיל,142.0,המייסדים,זכרון יעקב,3095067.0,32.5730214,34.9540304,-3.629700736969599,8646
shu_144,דיל שבירו כפר סבא,שופרסל,שופרסל דיל,144.0,רפפורט 6,כפר סבא,,32.1920475,34.8916444,-4.155593301495673,7783
shu_147,אקספרס זכרון,שופרסל,שופרסל אקספרס,147.0,ההנפה,זכרון יעקב,0.0,32.5686035,34.9551162,7.930084049005872,4939
shu_148,אקספרסמלצר רחובות,שופרסל,שופרסל אקספרס,148.0,מלצר 20,רחובות,0.0,31.90295469240869,34.82667939524262,8.877695355096485,4119
shu_150,"אקספרס רודנסקי ת""א",שופרסל,שופרסל אקספרס,150.0,רודנסקי 5,תל אביב יפו,,32.1206979,34.7927823,7.879087372514567,4272
shu_151,דיל רעננה- קניון רננים,שופרסל,שופרסל דיל,151.0,רח.המלאכה 2,רעננה,4366101.0,32.1974692,34.8791319,-4.055140957386129,7754
shu_152,דיל ערד- ישפרו המנוף,שופרסל,שופרסל דיל,152.0,המנוף 7,ערד,8909460.0,31.2482662,35.1958045,-3.84900386382269,7740
shu_153,דיל אופקים- ז'בוטינסקי,שופרסל,שופרסל דיל,153.0,זבוטינסקי 25,אופקים,8759908.0,31.3182278,34.6253776,-3.7505809293106163,7327
shu_155,דיל צור יגאל- מרכז מסחרי,שופרסל,שופרסל דיל,155.0,מרכז מסחרי,צור יגאל,4486400.0,32.2189326,34.9815343,-3.9876614108375223,8023
shu_159,דיל רמת הנשיא חיפה,שופרסל,שופרסל דיל,159.0,שלמה המלך 55,חיפה,0.0,32.8124983,34.9608358,-3.6763888512467724,7727
shu_161,המפיץ סיטונאות אשדוד,שופרסל,Cash&Carry,161.0,הבושם 16,אשדוד,,31.82112871642435,34.66168908205065,-37.00044426548068,2315
shu_163,דיל שדרות- הפלדה,שופרסל,שופרסל דיל,163.0,הפלדה קניון אחים,שדרות,80100.0,31.5207301,34.594066,-3.4821478262425325,7706
shu_164,שלי רמת גן- ביאליק,שופרסל,שופרסל שלי,164.0,רח. ביאליק 76,רמת גן,5244136.0,32.0857925,34.8115272,5.548696839483447,6507
shu_166,יוניברס אקסטרה  אשדוד- הבושם,שופרסל,יוניברס,166.0,הבושם 7 א.ת. קלה,אשדוד,7761007.0,31.8180465,34.6622085,-4.404041058225688,8181
shu_168,שלי אשדוד- כינרת,שופרסל,שופרסל שלי,168.0,"שכונת י""א כנרת",אשדוד,7770071.0,31.7844314,34.6340866,5.637761732185796,7439
shu_169,אקספרס באר שבע,שופרסל,שופרסל אקספרס,169.0,אפרים לרון 20,באר שבע,0.0,31.231108299883353,34.767196173445065,8.85966829850122,5181
shu_171,אקספרס אוסטשינסקי,שופרסל,שופרסל אקספרס,171.0,אוסטשינסקי 15,כפר סבא,0.0,32.1722128,34.9043166,9.130104520759406,4721
shu_173,דיל כפר יונה,שופרסל,שופרסל דיל,173.0,נעמישמר,כפר יונה,0.0,32.320644,34.93599,-3.6292263983378064,7941
shu_174,דיל ערד- קניון,שופרסל,שופרסל דיל,174.0,הקנאים 29,ערד,8902342.0,31.2597999,35.2088394,-3.670453954007941,8221
shu_176,שערי רווחה ירושלים,שופרסל,שערי רווחה,176.0,לואיס ברנדס 3,ירושלים,,31.79217,35.2099448,-9.577144583911567,5349
shu_177,דיל מצפה רמון- בן גוריון,שופרסל,שופרסל דיל,177.0,מרכז מסחרי,מצפה רמון,8060000.0,30.612762,34.802429,-4.033157005839077,6342
shu_179,"שופרסל אקספרס הרוא""ה רמת גן",שופרסל,שופרסל אקספרס,179.0,"רח' הרוא""ה 152",רמת גן,,32.074360359422805,34.82492058105363,8.992624296903761,4262
shu_180,דיל ק.מוצקין- בן גוריון,שופרסל,שופרסל דיל,180.0,שד' בן גוריון 84,קרית מוצקין,2642439.0,32.8406715,35.0804138,-3.954480054359293,7863
shu_181,דיל אשקלון- רמז,שופרסל,שופרסל דיל,181.0,דוד רמז 39,אשקלון,7853339.0,31.668009,34.5827367,-3.3824761535532555,8507
shu_182,יוניברס דימונה- גולדה מאיר,שופרסל,יוניברס,182.0,גולדה מאיר 1,דימונה,86000.0,31.074295,35.032371,-4.084630711901512,8715
shu_183,דיל אשדוד- הרצל,שופרסל,שופרסל דיל,183.0,1 רח' הרצל,אשדוד,7745401.0,31.7936909,34.64089420000001,-4.068392360974629,7498
shu_184,"דיל ראשל""צ- זבוטינסקי",שופרסל,שופרסל דיל,184.0,זבוטינסקי 16,ראשון לציון,,31.9615072,34.800662,-3.9585227846719286,7271
shu_186,אקספרס התשבי,שופרסל,שופרסל אקספרס,186.0,התשבי 9,חיפה,0.0,32.81601250000001,34.9778335,8.071012335338262,3657
shu_187,דיל קניון מעלה אדומים,שופרסל,שופרסל דיל,187.0,דרך קדם 5,מעלה אדומים,0.0,31.771535222294382,35.29840181084888,-3.606798948038161,8757
shu_188,דיל ירוחם- צבי בורנשטיין,שופרסל,שופרסל דיל,188.0,צבי בורנשטין,ירוחם,8050000.0,30.9883432,34.9272665,-3.7952130121509273,6554
shu_189,דיל פרדס חנה,שופרסל,שופרסל דיל,189.0,14 רחוב הבנים,פרדס חנה כרכור,0.0,32.4728028,34.9742001,-3.760773157556803,7691
shu_190,דיל חצור- הגלילית,שופרסל,שופרסל דיל,190.0,קניון גליל עליון,חצור,1030000.0,32.9813889,35.5561111,-3.800895072323324,7462
shu_193,"שלי ראשל""צ- מזרח",שופרסל,שופרסל שלי,193.0,שד' יעקב 50,ראשון לציון,7550903.0,31.95908129999999,34.8020886,4.434168913509074,6014
shu_195,יוניברס קריון- דרך עכו,שופרסל,יוניברס,195.0,דרך עכו  192,קרית ביאליק,2723211.0,32.842769822419335,35.09225064900311,-4.4398639599264715,8399
shu_199,דיל בת ים- בלפור,שופרסל,שופרסל דיל,199.0,בלפור 25,בת ים,0.0,32.0290122,34.745195,-3.4544674483462874,6600
shu_203,יוניברס רמלה לוד- הצופית,שופרסל,יוניברס,203.0,הצופית 40,רמלה,0.0,31.932199,34.8890965,-3.9523351604156067,9509
shu_205,יוניברס יהוד- אלטלף,שופרסל,יוניברס,205.0,אלטלף 4 א.ת יהוד,יהוד מונוסון,5621604.0,32.0257949,34.9009857,-4.527474418116882,8003
shu_207,יש אור יהודה - אליהו סעדו,שופרסל,יש בשכונה,207.0,אליהו סעדון 128,אור יהודה,6039727.0,32.0257793,34.859212,0.24752930574623305,3388
shu_208,דיל אילת נחל אורה,שופרסל,שופרסל דיל,208.0,ירושלים השלמה 52,אילת,0.0,29.564247303079448,34.94564769017903,-14.661188666170615,6092
shu_209,דיל אשקלון- רוטשילד,שופרסל,שופרסל דיל,209.0,אדמונד רוטשילד 8,אשקלון,7822602.0,31.687853873915714,34.57894650736695,-4.086446288143363,6118
shu_210,"יוניברס ראשל""צ- שמוטקין",שופרסל,יוניברס,210.0,שמוטקין 30,ראשון לציון,7536333.0,31.9764175,34.8121871,-4.372446030386805,8234
shu_211,יוניברס כרמיאל- אזור התעשיה,שופרסל,יוניברס,211.0,א.ת חוצות כרמיאל,כרמיאל,2165006.0,32.92901620038814,35.325641428071066,-4.564805347799726,8062
shu_212,שלי חיפה- ורדיה,שופרסל,שופרסל שלי,212.0,ורדיה 10,חיפה,3465710.0,32.7949865,34.9963889,5.353491515430044,6426
shu_214,יוניברס קרית גת- מלכי ישראל,שופרסל,יוניברס,214.0,מלכי ישראל 178,קרית גת,8205002.0,31.603493329908446,34.75683013181416,-4.263659843120048,8102
shu_215,דיל בית שאן-ירושלים הבירה,שופרסל,שופרסל דיל,215.0,ירושלים הבירה,בית שאן,10900.0,32.4953548,35.4972484,-3.9383223046898803,6223
shu_216,שלי הוד השרון,שופרסל,שופרסל שלי,216.0,2 הנשיאים,הוד השרון,0.0,32.16455867150475,34.90719852153541,5.622639704505495,6236
shu_218,יוניברס עפולה- יצחק רבין,שופרסל,יוניברס,218.0,שד' יצחק רבין 5,עפולה,1834171.0,32.6229362,35.3154373,-3.9466868233721777,9016
shu_219,יש חסד בני ברק- עזרא,שופרסל,יש חסד,219.0,עזרה בני ברק,בני ברק,5155103.0,32.07937035994891,34.83843575221792,-8.38024202235262,5224
shu_222,"דיל רמות ב""ש ב'",שופרסל,שופרסל דיל,222.0,הערים התאומות 28,באר שבע,,31.2822648,34.80047930000001,-3.724442670666684,7983
shu_224,"אקספרס ראשל""צ-נווה דקלים",שופרסל,שופרסל אקספרס,224.0,נווה דקלים 44,ראשון לציון,,31.9793122,34.7610407,8.994962833388609,3571
shu_226,דיל כרמיאל,שופרסל,שופרסל דיל,226.0,ההגנה 2,כרמיאל,0.0,32.905123868823516,35.281619728131595,-4.005651355290722,6820
shu_227,דיל-איקאה קרית אתא,שופרסל,שופרסל דיל,227.0,דרך חיפה 52,קרית אתא,0.0,32.808657,35.075575,-3.346854070651368,8976
shu_228,שלי בנימינה - הגביע,שופרסל,שופרסל שלי,228.0,הגביע 1,בנימינה,3056601.0,32.5175279,34.9403751,5.369257522570548,6300
shu_229,"דיל ת""א- יגאל אלון",שופרסל,שופרסל דיל,229.0,יגאל אלון 76,תל אביב יפו,6706701.0,32.0654728,34.793731,-3.632377515040767,8455
shu_230,"שלי כ""ס- ויצמן",שופרסל,שופרסל שלי,230.0,ויצמן 29,כפר סבא,4435227.0,32.1744564,34.9117835,5.488890580903384,4946
shu_231,אקספרס רעננה- רבקה גרובר,שופרסל,שופרסל אקספרס,231.0,רבקה גובר  7,רעננה,0.0,32.1939468,34.8503227,7.882512145846491,4249
shu_232,שלי צפת- מ.מסחר רמת רזים,שופרסל,שופרסל שלי,232.0,מרכז מסחרי רמת,צפת,1341219.0,32.9580793,35.498291,3.623804599833094,5910
shu_234,יש חסד רסידו,שופרסל,יש חסד,234.0,נהר הירדן,בית שמש,9902101.0,31.73639069999999,34.9929427,-8.718034227839015,4029
shu_236,אקספרס אילת שחמון,שופרסל,שופרסל אקספרס,236.0,ששת הימים 310,אילת,0.0,29.547332,34.935701,-5.3680115869438785,4866
shu_238,דיל באר יעקב,שופרסל,שופרסל דיל,238.0,רח' שא - נס 17,באר יעקב,0.0,31.9419763693318,34.8339142712638,-4.101030639815481,6680
shu_239,אקספרס יפו- הדרור,שופרסל,שופרסל אקספרס,239.0,הדרור 2,תל אביב יפו,0.0,32.051084683019006,34.753867681052334,8.549016693271627,3511
shu_240,דיל רהט,שופרסל,שופרסל דיל,240.0,מרכז מסחרי רהט,רהט,8535700.0,31.39467,34.7538711,-2.509125889636207,6050
shu_241,יוניברס בני ברק איילון,שופרסל,יוניברס,241.0,"הלח""י 28",בני ברק,5120045.0,32.1029795757971,34.83670992523469,-4.389420474343688,8004
shu_244,יוניברס גלילות רמתהשרון,שופרסל,יוניברס,244.0,צומת גלילות,רמת השרון,47100.0,32.1464078,34.8041896,-4.680774911871655,8136
shu_245,דיל ירושלים- פסגת זאב,שופרסל,שופרסל דיל,245.0,שד' משה דין 106,ירושלים,9783701.0,31.824335677432572,35.23726816754773,-4.134546623495632,6422
shu_247,שלי חולון- רבינוביץ,שופרסל,שופרסל שלי,247.0,רבינוביץ 58,חולון,5867256.0,31.9970439,34.773446,6.215351407415624,6904
shu_248,"דיל ב""ש- נווה מנחם",שופרסל,שופרסל דיל,248.0,החשמונאים 15,באר שבע,8452015.0,31.26761,34.760164,-3.684383697905353,7966
shu_249,דיל נתניה- פולג,שופרסל,שופרסל דיל,249.0,גיבורי ישראל 5,נתניה,4250409.0,32.321458,34.853196,-4.087086886005634,7842
shu_250,קריית שמונה,שופרסל,שופרסל דיל,250.0,"צומת המצודות, קריית שמונה",קרית שמונה,1162401.0,33.22297820000001,35.576867,-3.858980515409373,7425
shu_251,יוניברס עפולה- כורש,שופרסל,יוניברס,251.0,כורש 5,עפולה,1831007.0,32.6099152,35.2937306,-4.110005433810315,8523
shu_254,דיל כרמי גת,שופרסל,שופרסל דיל,254.0,1 אבני חושן,קרית גת,0.0,31.6250003420226,34.7761371119927,-3.568879861579212,6824
shu_255,דיל כפר תבור,שופרסל,שופרסל דיל,255.0,4 רחוב הבזלת,כפר תבור,0.0,32.6949958,35.41860580000001,-4.044687177504168,6602
shu_259,"יוניברס גזית כ""ס- ויצמן",שופרסל,יוניברס,259.0,ויצמן 300 מתחם G,כפר סבא,4439656.0,32.1725965,34.9295905,-4.558839604355608,7950
shu_260,דיל ירושלים-קניון תלפיות,שופרסל,שופרסל דיל,260.0,האומן 17,ירושלים,9342111.0,31.75080622236997,35.20910448658995,-3.4689720830844144,8457
shu_262,שלי מזכרת בתיה- בגין,שופרסל,שופרסל שלי,262.0,שד' מנחם בגין 2,מזכרת בתיה,7680400.0,31.8501486,34.8405332,4.32482073046028,5847
shu_263,שופרסל אקספרס מקס ברוד,שופרסל,שופרסל אקספרס,263.0,רח' מקס ברוד 34,תל אביב יפו,0.0,32.1269193,34.8299441,7.986134160812708,5140
shu_265,אקספרס חולון - זלמן ארן,שופרסל,שופרסל אקספרס,265.0,זלמן ארן 1,חולון,0.0,32.0202794,34.7679239,7.901259416946144,3494
shu_266,שלי רזין אילת,שופרסל,שופרסל שלי,266.0,רח' שדרות התמרים 37,אילת,0.0,29.557669,34.951925,-7.8207631656898675,6249
shu_267,דיל קצרין- חרמון,שופרסל,שופרסל דיל,267.0,חרמון 7 א ת.,קצרין,1290000.0,32.99083,35.7086193,-3.327711597982412,8470
shu_269,"יוניברס פ""ת- סגולה",שופרסל,יוניברס,269.0,הרב מסעוד אשר20א,פתח תקווה,4900519.0,32.0999994,34.89518450000001,-4.605908061207708,8544
shu_271,שלירחובות- יעקובי,שופרסל,שופרסל שלי,271.0,פנחס יעקובי 1,רחובות,0.0,31.8820899,34.8147164,5.549653000885167,7398
shu_272,שלי גבעתיים- ויצמן,שופרסל,שופרסל שלי,272.0,ויצמן 20,גבעתיים,5339005.0,32.0741055,34.8083823,4.408380015214825,6046
shu_274,"אקספרס ת""א- פלורנטין",שופרסל,שופרסל אקספרס,274.0,פלורנטין 27,תל אביב יפו,,32.0562844,34.7697156,8.298706993978726,4739
shu_276,"יוניברס אמט""ל רחובות",שופרסל,יוניברס,276.0,רח משה יתום  46,רחובות,76396.0,31.892102268699436,34.78972419823861,-4.5939522171673675,8062
shu_277,אקספרס.בני בנימין הרצליה,שופרסל,שופרסל אקספרס,277.0,בני בנימין 23,הרצליה,,32.1722076,34.8405805,8.695330811736168,4486
shu_278,"שלי פ""ת -העצמאות",שופרסל,שופרסל שלי,278.0,העצמאות 65,פתח תקווה,4937999.0,32.074364,34.8696498,4.508495433164073,6364
shu_279,"אקספרס-ת""א דרויאנוב",שופרסל,שופרסל אקספרס,279.0,רח' דרויאנוב 5,תל אביב יפו,,32.076927,34.771436,8.060403762668372,4839
shu_281,דיל מגדל העמק- המדע,שופרסל,שופרסל דיל,281.0,שד' מדע 77,מגדל העמק,0.0,32.678340618715644,35.24339289457904,-4.058871017270524,6642
shu_282,דיל צומת גבעת מרדכי,שופרסל,שופרסל דיל,282.0,"רח' שחר 79, ירושלים.",ירושלים,7692000.0,31.7662887672684,35.1946045677783,-3.674445178756072,8430
shu_283,"יוניברס קרית עקרון- ביל""ו",שופרסל,יוניברס,283.0,"מ.תדיראן,ק.עקרון",רחובות,7692000.0,31.86123199999999,34.817667,-4.601824261325961,7612
shu_284,שלי תל מונד- הדקל,שופרסל,שופרסל שלי,284.0,הדקל 49,תל מונד,4060049.0,32.2535587,34.9180425,5.443164852127299,5910
shu_285,"אקספרס סוקולוב פ""ת",שופרסל,שופרסל אקספרס,285.0,סוקולוב 26,פתח תקווה,,32.0913108,34.8933094,8.997294175482347,4536
shu_287,שלי גבעתיים-שביט,שופרסל,שופרסל שלי,287.0,עמישב 45,גבעתיים,5348832.0,32.061882315062036,34.80641679454527,5.316466799662026,6662
shu_288,יש רחובות- סירני,שופרסל,יש בשכונה,288.0,חיים סרני 1,רחובות,7626902.0,31.8933255,34.8215304,1.2599906242746786,3913
shu_290,"דיל  פ""ת- יכין סנטר",שופרסל,שופרסל דיל,290.0,יצחק רבין 17,פתח תקווה,4951711.0,32.0878644,34.8597884,-3.8316729760508563,8348
shu_295,יש חסד בני ברק-שלמה המלך,שופרסל,יש חסד,295.0,שלמה המלך   12,בני ברק,5155205.0,32.0788954720735,34.840556679202564,-8.218785985211124,4786
shu_296,"אקספרס פ""ת רחל המשוררת",שופרסל,שופרסל אקספרס,296.0,רחל המשוררת 29,פתח תקווה,,32.0841111,34.8954469,8.127660340723871,4369
shu_297,יוניברס חדרה- ארבע האגודות,שופרסל,יוניברס,297.0,ארבע אגודות 1,חדרה,3843101.0,32.435374045372974,34.90872722155019,-4.583687773033231,7817
shu_299,אקספרס הוד השרון,שופרסל,שופרסל אקספרס,299.0,חנקין 12,הוד השרון,0.0,32.159863731409594,34.90509873687872,8.796628566356143,3860
shu_300,יש חסד בארות יצחק- פאוור,שופרסל,יש חסד,300.0,בארות יצחק,בארות יצחק,0.0,32.0468299,34.90857150000001,-7.961542226180376,5858
shu_301,אקספרס אחי מאיר,שופרסל,שופרסל אקספרס,301.0,1 אחי מאיר,תל אביב יפו,0.0,32.1253734,34.7984514,12.134712127325813,5260
shu_302,שלי חיפה- קלר,שופרסל,שופרסל שלי,302.0,קלר 7,חיפה,3448314.0,32.802313,34.9831698,4.034318419863685,6242
shu_303,אקספרס טבעון - יהודה הנשיא,שופרסל,שופרסל אקספרס,303.0,יהודה הנשיא,קרית טבעון,3604701.0,32.7146161,35.1252205,10.791078619053524,4999
shu_305,"אקספרסת""א- יהודה המכבי",שופרסל,שופרסל אקספרס,305.0,יהודה מכבי 81,תל אביב יפו,,32.094182,34.7928439,9.192925751152712,5407
shu_306,יש נוה שאנן חיפה- חניתה,שופרסל,יש בשכונה,306.0,רח' חניתה 64,חיפה,3244411.0,32.7900282,35.0136973,0.430094489097455,3903
shu_307,יש קרית אתא- זבולון,שופרסל,יש בשכונה,307.0,רח.זבולון 4,קרית אתא,2806007.0,32.805805,35.1030579,0.37685179011193226,4009
shu_308,שלי קרית אתא- איינשטין,שופרסל,שופרסל שלי,308.0,איינשטיין 20,קרית אתא,2805152.0,32.809144,35.119773,5.517034543263389,6169
shu_310,שלי קרית חיים- דגניה,שופרסל,שופרסל שלי,310.0,ד.דגניה 14,קרית חיים,2621019.0,32.8287419,35.0601773,2.8169136084278033,5044
shu_311,אקספרס רחובות- בוסתנאי,שופרסל,שופרסל אקספרס,311.0,בוסתנאי 14,רחובות,0.0,31.9035165,34.8122607,8.137383368055495,4164
shu_312,דיל חיפה- קרית אליעזר,שופרסל,שופרסל דיל,312.0,ככר מאירהוף,חיפה,35154.0,32.827336,34.982659,-3.7203427817294967,8213
shu_313,"שלי קרית חיים-אח""י אילת",שופרסל,שופרסל שלי,313.0,"שד.אח""י אילת 20",קרית חיים,2626907.0,32.821635,35.069351,5.617302591798018,6704
shu_314,יש חיפה- צרפת,שופרסל,יש בשכונה,314.0,דרך צרפת 11,חיפה,3559602.0,32.8204746,34.9593184,0.5611210931869449,3269
shu_315,אקספרס כפר נטר,שופרסל,שופרסל אקספרס,315.0,ההדרים 17,כפר נטר,0.0,32.2735829,34.8740584,8.504524663798255,4197
shu_316,דיל קרית מוצקין-שד ויצמן,שופרסל,שופרסל דיל,316.0,ד.ויצמן 1,קרית מוצקין,2635101.0,32.8334852,35.0738389,-3.995358415319854,5915
shu_317,אקספרס גבעת עדה,שופרסל,שופרסל אקספרס,317.0,חי 67,גבעת עדה,0.0,32.5172326,35.0065338,7.5436701966097255,4532
shu_318,אקספרס חולון - וולפסון,שופרסל,שופרסל אקספרס,318.0,הלוחמים 62,חולון,0.0,32.0362056,34.7620058,7.554718826605331,3812
shu_319,שלי עכו- שפירא,שופרסל,שופרסל שלי,319.0,רח.משה שפירא 28,עכו,2440929.0,32.933052,35.082678,5.99792390821594,6438
shu_320,דיל האגס,שופרסל,שופרסל דיל,320.0,מנגו 2,אשדוד,,31.771243919412953,34.63870361059071,-4.163695722406837,5968
shu_325,אקספרס ששת הימים נס ציונ,שופרסל,שופרסל אקספרס,325.0,ששת הימים 1,נס ציונה,0.0,31.936063,34.7964159,8.43476300131073,4881
shu_326,שלי נהריה- הגעתון,שופרסל,שופרסל שלי,326.0,רח.הרצל-שד.הגעתו,נהריה,2240029.0,33.0067252,35.0964972,4.486415161188674,6003
shu_327,אקספרס חיפה- ראול ולנברג,שופרסל,שופרסל אקספרס,327.0,ראול וולנברג 9,חיפה,3499009.0,32.7797806,34.9851863,7.946035029357811,3484
shu_329,יש  יוקנעם עילית- היובלים,שופרסל,יש בשכונה,329.0,מ.מסחרי יקנעם על,יוקנעם,20692.0,32.660225,35.104606,0.5600352480235246,3441
shu_330,שלי חיפה- נתיב חן,שופרסל,שופרסל שלי,330.0,"נתיב חן 1,נוה שא",חיפה,3224001.0,32.7959783,35.0099278,5.612883754286593,6992
shu_333,שלי חיפה- אורן,שופרסל,שופרסל שלי,333.0,רח.אורן 25 רוממה,חיפה,3473402.0,32.7848302,34.9965532,4.264073573605152,5504
shu_334,"אקספרס פ""ת - שפירא",שופרסל,שופרסל אקספרס,334.0,"קק""ל 35",פתח תקווה,,32.08055875140699,34.88719255221802,8.712900476771537,4639
shu_335,"אקספרס כ""ס- בן גוריון",שופרסל,שופרסל אקספרס,335.0,בן גוריון 35,כפר סבא,,32.17279784361976,34.907165994551235,8.31281797421661,3229
shu_336,שלי חיפה- רמות ספיר,שופרסל,שופרסל שלי,336.0,רח' גוט לוין 48,חיפה,3292240.0,32.7860722,35.0046155,4.194472067440275,6028
shu_338,אקספרס כוכב הצפון,שופרסל,שופרסל אקספרס,338.0,בוני העיר 9,תל אביב יפו,0.0,32.101499,34.785787,9.43100012588389,5273
shu_339,דיל טבריה- העמקים,שופרסל,שופרסל דיל,339.0,העמקים 1,טבריה,1420401.0,32.7892614,35.5351425,-3.866124522171667,8434
shu_340,"אקספרס ת""א- זריצקי",שופרסל,שופרסל אקספרס,340.0,זריצקי 4,תל אביב יפו,,32.1144509,34.7912523,8.285829708146654,5608
shu_341,"אקספרס רמת גן- הרוא""ה",שופרסל,שופרסל אקספרס,341.0,"הרוא""ה 131",רמת גן,,32.079230311202544,34.82516803268583,8.198194312964675,5366
shu_342,דיל כרמיאל- קניון לב,שופרסל,שופרסל דיל,342.0,מורד הגיא 100,כרמיאל,2192401.0,32.908214463079375,35.29371733536555,-3.7133545266074024,6870
shu_343,שלי ראש העין- ברקן,שופרסל,שופרסל שלי,343.0,בזק 1 פינת ברקן,ראש העין,4863016.0,32.09353830000001,34.9738092,4.524541324390468,5912
shu_344,דיל מעלות- דרך האלוף עוז,שופרסל,שופרסל דיל,344.0,קניון כוכב הצפון,מעלות תרשיחא,21020.0,33.0191612,35.2829704,-3.786155372509471,7600
shu_347,אקספרס גדרה- דרך הפרחים,שופרסל,שופרסל אקספרס,347.0,דרך הפרחים 38,גדרה,0.0,31.809980934806497,34.78448505220345,8.825823183623426,4859
shu_348,"אקספרס פ""ת- קק""ל",שופרסל,שופרסל אקספרס,348.0,"קק""ל 2",פתח תקווה,,32.079448353771184,34.882942424751185,8.878986833398365,3810
shu_349,יש חסד צפת- כנען,שופרסל,יש חסד,349.0,הר כנען,צפת,13200.0,32.9715869,35.5050237,-8.582084269634189,4787
shu_350,דיל גבעת אולגה-הרב ניסים,שופרסל,שופרסל דיל,350.0,שד' ברוך בוארון1,גבעת אולגה,0.0,32.440414912915884,34.8832403579008,-3.5770888074881926,7157
shu_353,אקספרס יותם,שופרסל,שופרסל אקספרס,353.0,יותם 20,חיפה,0.0,32.7924878,34.9879275,8.816006217622393,2979
shu_354,"'אקספרס ת""א- קינג ג'ורג",שופרסל,שופרסל אקספרס,354.0,קינג ג'ורג' 58,תל אביב יפו,,32.0752118,34.7763521,8.89678887516281,2903
shu_357,דיל צורן קדימה- לב השרון,שופרסל,שופרסל דיל,357.0,דרך לב השרון 422,צורן,4282300.0,32.2879702,34.9458451,-3.6299556354175007,7309
shu_359,דיל חיפה- גרנד קניון,שופרסל,שופרסל דיל,359.0,שמחה גולן 54,חיפה,3299001.0,32.789635,35.0088946,-3.724016160614336,8680
shu_360,"אקספרס מאירוביץ ראשל""צ",שופרסל,שופרסל אקספרס,360.0,מאירוביץ 17,ראשון לציון,,31.9586614,34.8083768,8.619082369148158,5468
shu_361,דיל מגדל העמק- א ת דרומי,שופרסל,שופרסל דיל,361.0,אזור התעשייה ב,מגדל העמק,2353021.0,32.6782684,35.2433929,-3.9411165276556526,7750
shu_362,אקספרס קרן היסוד ירושלים,שופרסל,שופרסל אקספרס,362.0,קרן היסוד 27,ירושלים,0.0,31.77341109999999,35.2201442,9.049788718460519,4024
shu_364,יש חסד בית וגן,שופרסל,יש חסד,364.0,1 זנגוויל,ירושלים,,31.76797599999999,35.1789844,-8.562055171808673,4961
shu_365,שלי פרדס חנה כרכור- קדמה,שופרסל,שופרסל שלי,365.0,דרך הקידמה צמרת,פרדס חנה כרכור,3707307.0,32.4748111,34.9976808,5.511470288986259,5032
shu_366,שלי כפר ורדים- מרכז מסחר,שופרסל,שופרסל שלי,366.0,מרכז מסחרי כפר ו,כפר ורדים,2451700.0,32.9955566,35.2755959,4.731624108290873,4892
shu_368,אקספרס-נשר מרגנית,שופרסל,שופרסל אקספרס,368.0,נשר המרגנית 1,חיפה,0.0,32.7721793,35.045039,8.466507221504072,4369
shu_369,שלי שוהם- תרשיש,שופרסל,שופרסל שלי,369.0,עמק איילון פינת,שוהם,6080001.0,31.9938747,34.9458434,5.377341759142368,6354
shu_371,שלי ברניצקי,שופרסל,שופרסל שלי,371.0,נתן ברניצקי 13,ראשון לציון,0.0,31.9589758,34.7994432,4.604130271639419,6469
shu_372,אקספרס בת ים- חשמונאים,שופרסל,שופרסל אקספרס,372.0,החשמונאים 41,בת ים,0.0,32.0184307,34.7511524,9.735753258901173,4662
shu_374,שלי הרצליה- הבנים,שופרסל,שופרסל שלי,374.0,הבנים 46,הרצליה,4637948.0,32.1629121,34.8505207,5.5766498021525015,4662
shu_375,"אקספרס כ""ס- הגליל",שופרסל,שופרסל אקספרס,375.0,הגליל 58,כפר סבא,,32.1791943235464,34.9188273528995,9.0157744995662,5343
shu_376,אקספרס רעננה- משה דיין,שופרסל,שופרסל אקספרס,376.0,משה דיין 8,רעננה,0.0,32.1816708,34.8630715,8.736561056486265,4993
shu_377,אקספרס ירושלים- הדסה,שופרסל,שופרסל אקספרס,377.0,בית חולים הדסה,ירושלים,0.0,31.766161,35.1477105,8.418621018942002,4450
shu_379,אקספרס גבעתיים- כצנלסון,שופרסל,שופרסל אקספרס,379.0,כצנלסון 19,גבעתיים,0.0,32.0754177,34.8037801,8.443016855691065,3512
shu_380,"אקספרס ת""א- מרמורק",שופרסל,שופרסל אקספרס,380.0,מרמורק 10,תל אביב יפו,,32.0715654,34.7798863,8.701902817069158,4021
shu_382,"אקספרס פ""ת- היבנר",שופרסל,שופרסל אקספרס,382.0,היבנר 29,פתח תקווה,,32.0801654,34.8753501,8.390526359007612,5496
shu_384,אקספרס קרית ביאליק,שופרסל,שופרסל אקספרס,384.0,שדרות ירושלים 15,קרית ביאליק,0.0,32.82382747365335,35.081455223423,8.422731928427218,4173
shu_385,אקספרס מאיר יערי תל אביב,שופרסל,שופרסל אקספרס,385.0,מאיר יערי 19,תל אביב יפו,0.0,32.1000821,34.7888717,9.678735071896773,5435
shu_388,אקספרס דניה,שופרסל,שופרסל אקספרס,388.0,חיים הזז 5,חיפה,0.0,32.7669868,35.0133399,8.598498089631663,5114
shu_390,שופרסל אקספרס אם המושבות,שופרסל,שופרסל אקספרס,390.0,יעל רום 8,פתח תקווה,0.0,32.09828313966387,34.88080126756258,9.330081491907542,4873
shu_391,אקספרס אלקנה,שופרסל,שופרסל אקספרס,391.0,אלנקווה,אלנקווה,0.0,32.1114006079443,35.0359992054912,8.903020924808551,3672
shu_393,אקספרס להבים באר שבע,שופרסל,שופרסל אקספרס,393.0,שדרות הרימון,באר שבע,0.0,31.286821474663146,34.80024987934792,7.819419214739418,3437
shu_394,אקספרס הכרמל כפר סבא,שופרסל,שופרסל אקספרס,394.0,הגליל 31,כפר סבא,0.0,32.178432,34.9070416,7.9523241805685725,5386
shu_396,דיל הקדר נתניה,שופרסל,שופרסל דיל,396.0,האורזים 2,נתניה,0.0,32.3226356,34.8734588,-3.581747558940709,8395
shu_397,אקספרס פארק עפולה,שופרסל,שופרסל אקספרס,397.0,רובע יזרעאל,עפולה,0.0,32.6169255,35.3088978,10.541429309612319,5317
shu_398,אקספרס אגמים,שופרסל,שופרסל אקספרס,398.0,73 עמק יזרעאל,אשקלון,,31.6512292362506,34.5694450700742,8.642180758758656,4489
shu_400,אקספרס שבזיראש העין,שופרסל,שופרסל אקספרס,400.0,שלמה שבזי 172,ראש העין,0.0,32.090304,34.947393,8.880656384530603,4282
shu_444,"אקספרס.ב""ש אביסרור",שופרסל,שופרסל אקספרס,444.0,רח' יעקב כהן 8,באר שבע,,31.253941682893537,34.797660267517294,7.870882374298999,5541
shu_445,אקספרס רחובות,שופרסל,שופרסל אקספרס,445.0,רח' יעקב 41,רחובות,0.0,31.8943652,34.8115292,8.486344436091086,4451
shu_448,שערי רווחה,שופרסל,שערי רווחה,448.0,25 ירמיהו,ירושלים,9446710.0,31.7919167,35.2045525,-10.087839634655664,5053
shu_477,אקספרס הציפורים מודיעין,שופרסל,שופרסל אקספרס,477.0,2 החסידה,מודיעין מכבים רעות,0.0,31.8960237,34.9964661,9.739923415109978,4008
shu_478,אקספרס גדרה,שופרסל,שופרסל אקספרס,478.0,דרך האילנות 41,גדרה,0.0,31.80472766049253,34.790687765695445,8.637164804607224,3534
shu_479,אקספרס בר אילן,שופרסל,שופרסל אקספרס,479.0,בר אילן 24,רעננה,0.0,32.0691989,34.8430876,8.861281627357283,3297
shu_489,אקספרס מודיעין,שופרסל,שופרסל אקספרס,489.0,26 חיים ויצמן,מודיעין מכבים רעות,0.0,31.904468370543306,34.98647625220851,8.421815775813647,3712
shu_496,יש חסד כנפי נשרים,שופרסל,יש חסד,496.0,כנפי נשרים 24,ירושלים,0.0,31.788167067102385,35.1864330945304,-8.804065640539251,5012
shu_499,יש חסד עפולה עילית,שופרסל,יש חסד,499.0,24 פנחס רוזן,עפולה,0.0,32.6328414,35.325233,-7.479072777508307,5685
shu_511,אקספרס רסקו נצרת,שופרסל,שופרסל אקספרס,511.0,מרכז רסקו רח' עצמון,נוף הגליל,,32.708921802513444,35.32491528608056,8.164992555062726,4944
shu_579,אקספרס סביון,שופרסל,שופרסל אקספרס,579.0,1 השיקמה,סביון,0.0,32.0494274,34.875514,11.789755646374614,6593
shu_593,יש חסד באר טוביה,שופרסל,יש חסד,593.0,אזור התעשייה,באר טוביה,,31.7250778,34.7480523,-8.699046185136671,4812
shu_595,אקספרס בת חפר,שופרסל,שופרסל אקספרס,595.0,שדרות עמק חפר,בת חפר,,32.335781,35.0127258,10.52073567749759,5406
shu_596,אקספרס אבן גבירול,שופרסל,שופרסל אקספרס,596.0,124 אבן גבירול,תל אביב יפו,,32.0867596,34.7825374,8.702135448718025,4905
shu_598,אקספרס הירדן,שופרסל,שופרסל אקספרס,598.0,רמת גן הירדן 29,רמת גן,0.0,32.066218553953874,34.82872183969157,10.70934612939054,6257
shu_599,אקספרס ההסתדרות,שופרסל,שופרסל אקספרס,599.0,27 ההסתדרות,גבעתיים,,32.06134670000001,34.811789,8.488502126118643,4555
shu_606,יש חסד בית שמש- מ. מסחרי,שופרסל,יש חסד,606.0,מרכז מסחרי רמה א,בית שמש,99090.0,31.7133116,34.98834739999999,-8.268490822983564,4852
shu_607,יש חסד מודיעין עלי-ק.ספר,שופרסל,יש חסד,607.0,אבני נזר 46,מודיעין עילית,0.0,31.93049477403838,35.038802594538126,-8.2300107819889,5474
shu_608,יש חסד ירושלים-קרית שאול,שופרסל,יש חסד,608.0,נאג'רה 2,ירושלים,0.0,31.78635334371882,35.17420437135221,-8.67296273425694,4902
shu_609,יש חסד אלעד-ניסים גאון,שופרסל,יש חסד,609.0,ניסים גאון 79,אלעד,0.0,32.052559,34.9512194,-8.679261673376091,4702
shu_610,יש חסד ירושלים- רמת שלמה,שופרסל,יש חסד,610.0,ברכת אברהם 22,ירושלים,0.0,31.811922,35.21672,-8.760418176195687,4912
shu_611,יש חסד בני ברק- השומר,שופרסל,יש חסד,611.0,השומר 10,בני ברק,5137705.0,32.081311688428755,34.8221120657104,-8.047686757957962,5275
shu_734,גוד מרקט גאולה חיפה,שופרסל,יש Good,734.0,28 גאולה,חיפה,0.0,32.803091,34.997742,0.9486592630989833,2229
shu_737,המפיץ סיטונאות באר שבע,שופרסל,Cash&Carry,737.0,סולל בונה 11,באר שבע,8413301.0,31.223794819150186,34.803866724064996,-37.17596981178358,2408
shu_740,אקספרס שלמה המלך,שופרסל,שופרסל אקספרס,740.0,2 שלמה המלך,קרית אונו,,32.0541195,34.8592106,8.848901610515519,5181
shu_741,אקספרס יצחק רבין,שופרסל,שופרסל אקספרס,741.0,34 יצחק רבין,קרית אונו,,32.06453790711851,34.86149928877057,8.633116792002843,4064
shu_743,אקספרס קריית גת,שופרסל,שופרסל אקספרס,743.0,28 הגבורה,קרית גת,,31.607389496658673,34.75734010986436,8.567613755071338,2806
shu_744,אקספרס אשקלון,שופרסל,שופרסל אקספרס,744.0,עמק האלה 2,אשקלון,7888945.0,31.648012474139758,34.56171775477493,9.100866940789706,2422
shu_750,גוד מרקט שירת הים,שופרסל,יש Good,750.0,10 שירת הים,ירושלים,,31.817648,35.2002417,2.4580202767490986,3021
shu_752,אקספרס כפר סבא דוכיפת,שופרסל,שופרסל אקספרס,752.0,5 דוכיפת,כפר סבא,0.0,32.18498595594647,34.929354702553866,8.430704023239233,4510
shu_753,"גוד מרקט רש""י ירושלים",שופרסל,יש Good,753.0,"53 רש""י",ירושלים,,31.7877827,35.2126548,1.7656542511129858,2115
shu_756,שלי באר יעקב,שופרסל,שופרסל שלי,756.0,17 יצחק שמיר,באר יעקב,0.0,,,5.709792904061829,5518
shu_757,אקספרס קריית אונו,שופרסל,שופרסל אקספרס,757.0,2 יצחק נבון,קרית אונו,0.0,32.0657036,34.8475653,8.850126312680102,3676
shu_765,יש חסד בן איש חי,שופרסל,יש חסד,765.0,43 בן איש חי,בית שמש,,31.747513,35.000494,-9.058617119904032,3914
shu_768,אקספרס קרניצי רמת גן,שופרסל,שופרסל אקספרס,768.0,קריניצי 61,רמת גן,0.0,32.08427572701742,34.81934136571052,8.766715781772483,4204
shu_771,גוד מרקט בני ברק,שופרסל,יש Good,771.0,הרב כהנמן 64,בני ברק,0.0,32.0830437,34.8407225,1.7322960011181943,2992
shu_772,גוד מרקט מאה שערים,שופרסל,יש Good,772.0,מאה שערים 42,ירושלים,0.0,31.7883061,35.2184496,2.4017633473005424,1608
shu_773,GOOD MARKET אהבת שלום בית שמש,שופרסל,יש Good,773.0,אהבת שלום 9,בית שמש,0.0,31.696132388723946,34.58601843685368,2.5775625748269957,3121
shu_777,אקספרס נרקיסים,שופרסל,שופרסל אקספרס,777.0,121 שדרות ירושליים,ראשון לציון,0.0,31.9601333067769,34.8286849124125,9.003320250813273,5266
shu_778,GOOD MARKET אהליאב ירושלים,שופרסל,יש Good,778.0,אהליאב 21,ירושלים,2420531.0,31.791268,35.2006912,2.1681045195617736,2902
shu_779,אקספרס יבנה,שופרסל,שופרסל אקספרס,779.0,דרך ז'בוטינסקי,יבנה,0.0,31.8850261,34.7387102,9.050553128141813,4750
shu_780,אקספרס המעפיל רמת גן,שופרסל,שופרסל אקספרס,780.0,המעפיל,רמת גן,0.0,32.0899328,34.816317,8.574771920725818,4631
shu_789,גוד מרקט אופקים,שופרסל,יש Good,789.0,עובדיה יוסף 10,אופקים,0.0,31.301025,34.6191484,1.7233835702166613,2827
shu_790,דיל רמלה,שופרסל,שופרסל דיל,790.0,10 משה לוי,רמלה,0.0,31.932001462317743,34.85036447616337,-3.968446223188344,5928
shu_840,גוד מרקט חריש,שופרסל,יש Good,840.0,אלה 1,חריש,3760218.0,32.466111546030156,35.03822626645664,0.5677513743675349,2063
shu_842,אקספרס מטודלה תל אביב,שופרסל,שופרסל אקספרס,842.0,30 מטודלה,תל אביב יפו,0.0,32.1106072,34.8267762,8.529621764617906,3605
shu_843,גוד מרקט בית שמש,שופרסל,יש Good,843.0,55 המוראים,בית שמש,0.0,31.70280763489975,34.96980181242474,1.8305891896239985,2382
shu_844,אקספרס נגבה רמת גן,שופרסל,שופרסל אקספרס,844.0,נגבה 8,רמת גן,0.0,32.0704448,34.8235178,8.23227544011455,5470
shu_845,אקספרס נחשון כפר סבא,שופרסל,שופרסל אקספרס,845.0,נחשון 10,כפר סבא,0.0,32.1747937,34.9057509,9.86557795765303,3199
shu_846,אקספרס אור ים,שופרסל,שופרסל אקספרס,846.0,34 דוד המלך,אור עקיבא,,32.4931195640387,34.9202669004772,8.347806228352345,3236
shu_854,דיל גבעת אלונים,שופרסל,שופרסל דיל,854.0,1 דוכיפת,קרית אתא,,32.813905,35.140975,-4.380012589991969,5699
tiv_002,נתניה,טיב טעם,טיב טעם,2.0,בני גאון 2 נתניה,נתניה,4250489.0,32.274064,34.8625877,4.450845600718765,18337
tiv_003,אשדוד,טיב טעם,טיב טעם,3.0,ז'בוטינסקי 45 מתחם סטאר סנטר,אשדוד,7710901.0,31.8103602,34.6561539,3.8569102466351333,16578
tiv_006,בת ים,טיב טעם,טיב טעם,6.0,אהוד קינמון 14 בת-ים,בת ים,5959401.0,32.010677,34.74954,3.837477388193857,14646
tiv_007,אשקלון,טיב טעם,טיב טעם,7.0,התחיה 1 אשקלון,אשקלון,7858201.0,31.6575908,34.5888061,3.8908563391028554,16155
tiv_010,כרמיאל,טיב טעם,טיב טעם,10.0,"מעלה כמון 3 מתחם ביג;
",כרמיאל,0.0,32.9269497,35.3225302,3.3776762609126196,10043
tiv_012,חוצות המפרץ (קריות),טיב טעם,טיב טעם,12.0,"חרושת 10, מתחם חוצות המפרץ;
",קריות,2620114.0,32.8073578,35.0548125,3.6491902729825982,15638
tiv_014,ראשון מזרח,טיב טעם,טיב טעם,14.0,המכבים 62 צומת בית דגן,ראשון לציון,7534503.0,32.000366,34.821606,4.2586521793042,19048
tiv_015,באר שבע חדש,טיב טעם,טיב טעם,15.0,יצחק נפחא 25 מתחם מבנה,באר שבע,8424403.0,31.247881,34.8119871,4.514907666209879,18969
tiv_017,מודיעין ישפרו,טיב טעם,טיב טעם,17.0,שדרות המלאכות 12 מודיעין,מודיעין מכבים רעות,7177870.0,31.890607696425178,34.96430879453595,3.2531664963943214,7655
tiv_018,רחובות,טיב טעם,טיב טעם,18.0,אופנהימר 2 רחובות,רחובות,7670102.0,31.9093234,34.8052219,4.190475840235316,17062
tiv_019,רמת החייל,טיב טעם,טיב טעם,19.0,דבורה הנביאה 122,תל אביב יפו,6944019.0,32.1137123,34.8413772,4.69558133654174,18061
tiv_020,חולון עזריאלי,טיב טעם,טיב טעם,20.0,"רחוב הרוקמים 26 , חולון",חולון,5885849.0,32.0077686,34.7987551,3.4340368718342753,9651
tiv_021,יהוד,טיב טעם,טיב טעם,21.0,אלטלף 1,יהוד מונוסון,5621601.0,32.0261789,34.89845620000001,3.9280039556603508,8596
tiv_022,קניון דרורים,טיב טעם,טיב טעם,22.0,קניון דרורים,בני דרור,4581500.0,32.2604802,34.8940356,4.454103848682318,12913
tiv_023,קיסריה,טיב טעם,טיב טעם,23.0,דולב 14,קיסריה,3099514.0,32.5127785,34.905156,4.367998166190455,13168
tiv_024,הוד השרון,טיב טעם,טיב טעם,24.0,"סוקולוב 46, כיכר המושבה",הוד השרון,4528476.0,32.1687202,34.9019432,3.9411435934783334,12577
tiv_025,צומת סביון,טיב טעם,טיב טעם,25.0,"השדרה האקדמית 4, בקעת אונו",סביון,0.0,32.035899,34.86504,3.824124613907276,13368
tiv_030,מפגש מזרע,טיב טעם,טיב טעם,30.0,קיבוץ מזרע 19312,עפולה,1931200.0,32.649879,35.286404,4.300035525014083,10669
tiv_051,דלי רעננה,טיב טעם,טיב טעם,51.0,אחוזה 269 פארק מול רעננה,רעננה,4355741.0,32.1836543,34.8530601,14.137632900602108,11680
tiv_052,הרצליה,טיב טעם,טיב טעם,52.0,בן גוריון 56 פינת בר כוכבא,הרצליה,4644612.0,32.1579238,34.8419268,4.467195582646366,13355
tiv_056,טופ דן,טיב טעם,טיב טעם,56.0,פנחס רוזן 72,תל אביב יפו,6951294.0,32.1147225,34.8263703,14.07908849261231,6257
tiv_057,"מאז""ה",טיב טעם,טיב טעם,57.0,"מאז""ה 40, ת""א",תל אביב יפו,6521423.0,32.0661436859079,34.7766338817315,13.791309876756157,4928
tiv_058,בן-יהודה 130,טיב טעם,טיב טעם,58.0,בן יהודה 130 פינת בן גוריון,תל אביב יפו,6340144.0,32.0849868,34.7726424,13.258177291181713,4997
tiv_059,בן יהודה 181,טיב טעם,טיב טעם,59.0,בן יהודה 181,תל אביב יפו,6347210.0,32.0904228,34.7739418,13.368883150917124,4719
tiv_061,חשמונאים 91,טיב טעם,טיב טעם,61.0,חשמונאים 91,תל אביב יפו,6713308.0,32.0697233,34.7833787,13.577347132165599,7471
tiv_063,אבן גבירול 64,טיב טעם,טיב טעם,63.0,אבן גבירול 64,תל אביב יפו,6495201.0,32.0797764,34.7815765,13.575760353177557,5699
tiv_068,סירקין 13,טיב טעם,טיב טעם,68.0,סירקין 13,גבעתיים,5325007.0,32.0780044,34.8146964,13.650292234305613,7229
tiv_070,יפו,טיב טעם,טיב טעם,70.0,שדרות ירושלים 4,תל אביב יפו,6802102.0,32.0564932,34.7596358,13.580769816003588,6510
tiv_071,פרישמן 13 תל אביב,טיב טעם,טיב טעם,71.0,פרישמן 13,תל אביב יפו,6357813.0,32.07999780000001,34.7693294,13.638975006023955,5931
tiv_073,פנקס 2,טיב טעם,טיב טעם,73.0,"אבן גבירול 164, ת""א;
",תל אביב יפו,6296615.0,32.0797764,34.7815765,12.851733748478033,4772
tiv_074,ארלוזורוב,טיב טעם,טיב טעם,74.0,ארלוזורוב 149,תל אביב יפו,6299502.0,32.0831578,34.7929363,12.877415516353839,4297
tiv_075,יהודה מכבי,טיב טעם,טיב טעם,75.0,יהודה מכבי 69,תל אביב יפו,6230024.0,32.0940317,34.7918134,13.544236666464693,5461
tiv_079,חולון סיטי קוגל,טיב טעם,טיב טעם,79.0,שדרות לוי אשכול 30,חולון,5825901.0,32.0331352,34.775143,13.799098018000807,6227
tiv_080,יגאל אלון דלי,טיב טעם,טיב טעם,80.0,יגאל אלון 94,תל אביב יפו,6789139.0,32.0683632,34.7948052,13.589725026568235,10306
tiv_082,דלי כורזין גבעתיים,טיב טעם,טיב טעם,82.0,תפוצות ישראל 6 גבעתיים,גבעתיים,5358323.0,32.0598632,34.8147344,13.877497242148106,7169
tiv_083,מרכז כיתן,טיב טעם,טיב טעם,83.0,רחוב פנחס רוזן 65-67,תל אביב יפו,0.0,32.1143404,34.8250777,13.805735515575185,5551
tiv_084,דלי איינשטיין,טיב טעם,טיב טעם,84.0,איינשטיין 10 תל אביב,תל אביב יפו,6910110.0,32.1120215,34.7872142,13.830444915863392,6629
tiv_085,בית הדובדבן - אונו,טיב טעם,טיב טעם,85.0,רחוב הדובדבן 7-9 קרית אונו,קרית אונו,0.0,32.068757,34.8645057,3.394446439065233,6930
tiv_087,מונטיפיורטי פתח תקוה,טיב טעם,טיב טעם,87.0,רחוב רוטישילד 57,פתח תקווה,6416202.0,32.0893762,34.8812585,2.3566626271904956,5891
tiv_088,רמת אפעל,טיב טעם,טיב טעם,88.0,דרך שיבא 16,רמת אפעל,0.0,32.0510148,34.8401689,14.069229721983143,6045
tiv_089,קינג גורג,טיב טעם,טיב טעם,89.0,קינג גורג 8,תל אביב יפו,6357808.0,32.0705158,34.7717569,14.037319790495502,5827
tiv_091,המסגר,טיב טעם,טיב טעם,91.0,המסגר 37,תל אביב יפו,6721426.0,32.0652137,34.785848,13.820852607907598,6132
tiv_092,מחניים,טיב טעם,טיב טעם,92.0,מחניים 4,חיפה,0.0,32.8035359,34.9862052,2.508719607174511,6049
tiv_156,עדן גן העיר,טיב טעם,טיב טעם,156.0,אבן גבירול 71,תל אביב יפו,6416202.0,32.0797764,34.7815765,3.552948042686305,11646
tiv_502,ליקוט נתניה,טיב טעם,טיב טעם,502.0,https://www.tivtaam.co.il/,נתניה,0.0,32.321458,34.853196,4.714409520204367,14761
tiv_503,ליקוט טיב טעם אשדוד,טיב טעם,טיב טעם,503.0,https://www.tivtaam.co.il/,אשדוד,0.0,31.8103602,34.6561539,4.05510851332557,13295
tiv_512,ליקוט טיב טעם קריות,טיב טעם,טיב טעם,512.0,https://www.tivtaam.co.il/,חיפה,0.0,32.8073578,35.0548125,4.263185844613994,13159
tiv_514,ליקוט ראשון מזרח,טיב טעם,טיב טעם,514.0,https://www.tivtaam.co.il/,ראשון לציון,0.0,31.95908129999999,34.8020886,4.609295701757489,16757
tiv_515,ליקוט טיב באר שבע,טיב טעם,טיב טעם,515.0,https://www.tivtaam.co.il/,באר שבע,0.0,31.2521018,34.7867691,4.633441066605557,13033
tiv_519,ליקוט רמת החייל,טיב טעם,טיב טעם,519.0,https://www.tivtaam.co.il/,רמת החייל,0.0,32.1133727,34.8366371,4.776956738365157,15480
tiv_523,ליקוט קיסריה,טיב טעם,טיב טעם,523.0,https://www.tivtaam.co.il/,קיסריה,0.0,32.5154686,34.9062798,-0.3129689257947773,64
vic_001,גן-יבנה,ויקטורי,ויקטורי,1.0,הכישור 8,גן יבנה,7080000.0,31.7754364,34.7042045,-1.8109485603962152,10268
vic_002,גדרה,ויקטורי,ויקטורי,2.0,פינס 3,גדרה,7056502.0,31.8165241,34.7777441,-1.8285121991333408,9366
vic_003,שדרות,ויקטורי,ויקטורי,3.0,סמטת הפלדה 3,שדרות,8710446.0,31.5213336,34.5947348,-2.392437994022782,8783
vic_005,אורנית,ויקטורי,ויקטורי,5.0,הערבה 10,אורנית,4481300.0,32.1298842,34.995119,-0.8843177316970743,8724
vic_008,אשדוד,ויקטורי,ויקטורי,8.0,דוד המלך 18,אשדוד,7748109.0,31.7760173,34.6417835,-2.8619600622826953,4777
vic_009,הארבעה תא,ויקטורי,ויקטורי,9.0,הארבעה 6,תל אביב יפו,6473906.0,32.0703364,34.7831746,-1.3118499123468164,7867
vic_010,לוד,ויקטורי,ויקטורי,10.0,יוספטל 23,לוד,7136823.0,31.9463438,34.8794005,-1.8534052997725312,9432
vic_014,בית שמש,ויקטורי,ויקטורי,14.0,הרצל 7,בית שמש,9903113.0,31.7494502,34.987559,-1.8394403208728247,8314
vic_016,פלורנטין,ויקטורי,ויקטורי,16.0,סלמה 53,תל אביב יפו,6606034.0,32.0551334,34.7672519,9.1712751535381,6094
vic_021,רמלה הולצברג,ויקטורי,ויקטורי,21.0,שמחה הולצברג 16,רמלה,72276.0,31.9334559,34.8540757,-2.1427461080477723,8672
vic_022,חדרה בפארק,ויקטורי,ויקטורי,22.0,משמר הגבול,חדרה,3825104.0,32.4279153,34.93264,-1.9689013658074102,9509
vic_023,ראשון פרס נובל,ויקטורי,ויקטורי,23.0,שמעון פרס 33,ראשון לציון,7579932.0,31.9682049,34.763876,-1.1089773014710065,8450
vic_024,חדרה בקניון,ויקטורי,ויקטורי,24.0,שד רוטשילד 40,חדרה,3826850.0,32.4376562,34.9216738,-1.855309883062802,8443
vic_025,עכו,ויקטורי,ויקטורי,25.0,שלום הגליל 1,עכו,2455301.0,32.9201965,35.0929603,-2.314780891491737,9786
vic_026,ראש העין,ויקטורי,ויקטורי,26.0,שבזי 26,ראש העין,4802126.0,32.0965466,34.9428615,-1.984094922329605,8991
vic_027,שער העליה,ויקטורי,ויקטורי,27.0,שלוסברג 1,חיפה,3584001.0,32.8173664,34.9586672,-1.996582293966841,9084
vic_028,גני תקווה,ויקטורי,ויקטורי,28.0,הכרמל 20,גני תקווה,5591620.0,32.0592765,34.8797378,-1.6646984639348974,10106
vic_029,רמת גן,ויקטורי,ויקטורי,29.0,הרצל 42,רמת גן,5243130.0,32.0834004,34.815928,-0.9560936483356519,9982
vic_030,אלקנה,ויקטורי,ויקטורי,30.0,שיר השירים 75/1,אלקנה,4481400.0,32.1132236,35.0274226,-0.8041507175305019,8216
vic_031,סיטי רוטשילד,ויקטורי,ויקטורי סיטי,31.0,שד` רוטשילד 14,תל אביב יפו,66881.0,32.062815,34.7709504,8.09878500627722,4793
vic_034,מוצקין,ויקטורי,ויקטורי,34.0,שד ירושלים 1,קרית מוצקין,2623804.0,32.8040805,35.1058408,-2.3022225483075225,9839
vic_035,סיטי אחד העם,ויקטורי,ויקטורי סיטי,35.0,אחד העם 54,תל אביב יפו,65202.0,32.0645392,34.7741588,7.765189539376909,4574
vic_037,קניון אשדוד,ויקטורי,ויקטורי,37.0,הטיילת 20,אשדוד,7722218.0,31.8105983,34.6409568,-2.177101105402804,10063
vic_038,מבשרת ציון,ויקטורי,ויקטורי,38.0,הראל 1,מבשרת ציון,9079129.0,31.8002473,35.149033,-1.8089156106911677,9746
vic_039,חולון קוגל,ויקטורי,ויקטורי,39.0,קוגל 40,חולון,5825816.0,32.0233772,34.774054,-1.8406825382687952,8818
vic_041,ברנע,ויקטורי,ויקטורי,41.0,רחבעם זאבי,אשקלון,7829304.0,31.6971812,34.5758953,-0.9009682769768204,8538
vic_045,רעננה אחוזה 158,ויקטורי,ויקטורי,45.0,אחוזה 158,רעננה,4330018.0,32.1818416,34.869891,-1.0985918093196014,8612
vic_046,דימונה,ויקטורי,ויקטורי,46.0,המלאכה 3,דימונה,8621106.0,31.0615094,35.0241686,-1.7861307099028905,9375
vic_047,אופקים,ויקטורי,ויקטורי,47.0,החידא 1,אופקים,8759102.0,31.3089715,34.6229422,-2.1919131462533414,9586
vic_048,טירת הכרמל,ויקטורי,ויקטורי,48.0,קרן היסוד 2,טירת הכרמל,3902621.0,32.76855020000001,34.968224,-2.297241100634013,9563
vic_050,תל מונד,ויקטורי,ויקטורי,50.0,השקד 4,תל מונד,4060105.0,32.2577503,34.9186163,-1.1186115492221627,7760
vic_051,מודיעין,ויקטורי,ויקטורי,51.0,מנחם בגין 21,מודיעין מכבים רעות,7178081.0,31.8798648,35.0186781,-1.761757738078841,9922
vic_052,אשקלון,ויקטורי,ויקטורי,52.0,בן צבי 8,אשקלון,7846117.0,31.6764381,34.576329,-1.8288196977203435,10044
vic_053,רמת ישי,ויקטורי,ויקטורי,53.0,מרכז מסחרי,רמת ישי,3009503.0,32.704029,35.166003,-1.1628389559848198,8426
vic_054,קרית מלאכי,ויקטורי,ויקטורי,54.0,זבוטינסקי 8,קרית מלאכי,8305115.0,31.7266667,34.745,-0.8366215093602236,7870
vic_055,קרית גת,ויקטורי,ויקטורי,55.0,הגפן 3,קרית גת,8201807.0,31.6070835,34.7697747,-2.2463300617386324,9785
vic_056,יבנה,ויקטורי,ויקטורי,56.0,המיסב 7,יבנה,8121307.0,31.864079,34.7414604,-1.8237147149441488,9329
vic_057,סיטי מרגוזה,ויקטורי,ויקטורי סיטי,57.0,מרגוזה יהודה 16,תל אביב יפו,6813612.0,32.0519789,34.7554971,8.199096142081782,4758
vic_058,כפר יונה,ויקטורי,ויקטורי,58.0,הרצל 5,כפר יונה,4031452.0,32.3185475,34.9346133,-1.1715824055450503,7975
vic_059,עפולה,ויקטורי,ויקטורי,59.0,מנחם בגין 79,עפולה,1830101.0,32.6039772,35.2979883,-2.2788666770618424,10039
vic_060,חולון התנאים,ויקטורי,ויקטורי,60.0,התנאים 5,חולון,5858112.0,32.0058229,34.7640126,-1.2003248656183105,6820
vic_065,דיזנגוף,ויקטורי,ויקטורי,65.0,דיזנגוף 224,תל אביב יפו,6311519.0,32.0886661,34.7755775,-1.244733708726542,7406
vic_067,סיטי יהודה הלוי,ויקטורי,ויקטורי סיטי,67.0,יהודה הלוי 40,תל אביב יפו,65136.0,32.0616314,34.7720178,7.8220128462192875,4540
vic_068,באר שבע,ויקטורי,ויקטורי,68.0,בן גוריון 15,באר שבע,8443944.0,31.2683491,34.7487449,-2.412650040700823,10068
vic_069,רעננה פארק,ויקטורי,ויקטורי,69.0,אחוזה 114,רעננה,4350108.0,32.18066943812175,34.87538659455173,-2.278409611490841,10358
vic_070,צור יצחק,ויקטורי,ויקטורי,70.0,דרך איילון 20,צור יצחק,4580800.0,32.241478,34.997998,-1.7200226961060705,9543
vic_071,ראשון מזרח,ויקטורי,ויקטורי,71.0,צבי פרנק 39,ראשון לציון,7566088.0,31.9705226,34.8124462,-1.7114501568236629,9717
vic_073,בית שאן,ויקטורי,ויקטורי,73.0,הגלבוע 1,בית שאן,1174001.0,32.4970754,35.4942557,-2.447267519420409,8385
vic_074,שבעת הכוכבים,ויקטורי,ויקטורי,74.0,קניון שבעת הכוכבי,הרצליה,4650504.0,32.1647849,34.8242079,-2.090189994022519,9849
vic_075,סיטי ויצמן,ויקטורי,ויקטורי סיטי,75.0,ויצמן 53,תל אביב יפו,62091.0,32.0848954,34.789189,7.94134695082058,5345
vic_076,ויקטורי בת ים,ויקטורי,ויקטורי,76.0,העמל 11,בת ים,5959821.0,32.0068523571343,34.746092008760826,-2.4900368556061685,10200
vic_077,לוד נתבג,ויקטורי,ויקטורי,77.0,פסח לב 2,לוד,7129320.0,31.9685149,34.8985361,-2.254895439493168,10610
vic_079,כפר סבא הירוקה,ויקטורי,ויקטורי,79.0,אנגל 78,כפר סבא,4465140.0,32.1982013,34.8903535,-1.8208202536403817,9440
vic_080,סיטי אלנבי,ויקטורי,ויקטורי סיטי,80.0,אלנבי 65,תל אביב יפו,65134.0,32.0681025,34.7711272,9.229289080980337,6270
vic_081,פארק אפק רע,ויקטורי,ויקטורי,81.0,העמל 2,ראש העין,4809202.0,32.1081848,34.964138,-1.7388252317652444,10738
vic_082,נס ציונה,ויקטורי,ויקטורי,82.0,הפרדסים 1,נס ציונה,7400448.0,31.914131,34.7889942,-1.7774489360584884,6191
vic_083,רחובות,ויקטורי,ויקטורי,83.0,אופנהיימר 10,רחובות,7670110.0,31.9100444,34.8074069,-2.1923811337026264,10684
vic_084,עמק חפר,ויקטורי,ויקטורי,84.0,נחל אלכסנדר 3,מ.א. עמק חפר,4279900.0,32.40071493550128,34.899833725250886,-2.507550287100841,9780
vic_086,טבעון,ויקטורי,ויקטורי,86.0,המרווה 1,טבעון,3653201.0,32.7306786,35.1447145,-1.1800919814402462,8072
vic_087,צמח,ויקטורי,ויקטורי,87.0,צומת צמח מול כנרת,צמח,1510501.0,32.7029522,35.5850662,-1.7777972997487062,9657
vic_088,איילון,ויקטורי,ויקטורי,88.0,אבא הילל 301,רמת גן,5259408.0,32.1013734,34.8268328,-2.0652317543225567,10779
vic_089,מלחה,ויקטורי,ויקטורי,89.0,אגודת הספורט 1,ירושלים,9695989.0,31.751896775801,35.1879780995492,-1.5658654061474464,10625
vic_091,שוהם,ויקטורי,ויקטורי,91.0,עמק איילון 161,שוהם,6083646.0,32.0054259,34.9467393,-1.5711451907852836,9721
vic_092,נתיבות,ויקטורי,ויקטורי,92.0,בעלי המלאכה 5,נתיבות,8776202.0,31.416317,34.5945039,-2.0805628092476205,10251
vic_093,חריש,ויקטורי,ויקטורי,84.0,ספיר 1,חריש,3760623.0,32.46408714382093,35.04290957922363,-2.1232457187863694,8538
vic_094,שמוטקין,ויקטורי,ויקטורי,94.0,משה בקר 32,ראשון לציון,0.0,31.978379,34.8105114,-2.0954321713022463,10547
vic_095,אשקלון מרכז,ויקטורי,ויקטורי,95.0,בן גוריון 1,אשקלון,7828124.0,31.66286783622757,34.56188805626226,-1.6166986115333881,10041
vic_096,קרית אתא,ויקטורי,ויקטורי,96.0,זבולון 14,קרית אתא,2806007.0,32.8052995,35.1024643,-2.094508341465829,8157
yoh_001,יוחננוף מפוח,יוחננוף,יוחננוף,1.0,"רחוב המפוח 11, אזור התעשיה",רחובות,0.0,31.886744,34.781055,-6.519701614364832,10161
yoh_004,בילו,יוחננוף,יוחננוף,4.0,צומת בילו,"כפר ביל""ו",0.0,31.8701392,34.8216302,-7.213994308819045,7174
yoh_005,אשדוד,יוחננוף,יוחננוף,5.0,"זבוטינסקי 27, סטאר סנטר",אשדוד,0.0,31.8112446,34.6540808,-6.953783227252138,8070
yoh_008,אחד העם,יוחננוף,יוחננוף,8.0,רחוב אחד העם 19,רחובות,0.0,31.8979797,34.8111,-2.821385305677401,4685
yoh_009,נתיבות,יוחננוף,יוחננוף,9.0,"רחוב בעלי המלאכה 2, א.התעשיה",נתיבות,0.0,31.4182895,34.5973492,-6.877017615392389,6569
yoh_012,רמלה,יוחננוף,יוחננוף,12.0,שדרות ירושלים פינת נופי חמד,רמלה,0.0,31.9372787,34.8862915,-6.536187065858742,7352
yoh_013,חוצות המפרץ,יוחננוף,יוחננוף,13.0,החרושת 10 חוצות המפרץ,חיפה,0.0,32.8107072,35.0568101,-6.84954757057444,8014
yoh_015,אור יהודה,יוחננוף,יוחננוף,15.0,רחוב הפלדה 1,אור יהודה,0.0,32.0327584,34.85099350000001,-3.302795694895011,4033
yoh_016,גן יבנה,יוחננוף,יוחננוף,16.0,דרך מנחם בגין פינת המגנים 57,גן יבנה,0.0,31.7952094,34.7046109,-3.0670442863780725,6618
yoh_017,מודיעין ישפרו,יוחננוף,יוחננוף,17.0,המלאכות 101,מודיעין מכבים רעות,0.0,31.8905467,34.9613304,-6.744755929071269,8185
yoh_018,מודיעין כרמים,יוחננוף,יוחננוף,18.0,"תשר""י 34",מודיעין מכבים רעות,0.0,31.916163,35.009964,-3.2558132100796566,5253
yoh_019,אור יהודה גדול,יוחננוף,יוחננוף,19.0,אור יהודה,אור יהודה,0.0,32.0327584,34.85099350000001,-6.825357714399092,7875
yoh_020,ירושלים תלפיות,יוחננוף,יוחננוף,20.0,האומן,ירושלים,0.0,31.7492504,35.2115478,-7.193588045620283,6887
yoh_021,סגולה פתח תקווה,יוחננוף,יוחננוף,21.0,סגולה,פתח תקווה,0.0,32.10503,34.8943176,-7.087514166179393,7594
yoh_022,חדרה,יוחננוף,יוחננוף,22.0,"צה""ל 35",חדרה,0.0,32.4414918,34.930406,-6.8246746324516305,8059
yoh_023,טבריה,יוחננוף,יוחננוף,23.0,unknown,טבריה,0.0,32.779228281584146,35.50293440000964,-7.2331081766343255,6895
yoh_024,כפר סבא,יוחננוף,יוחננוף,24.0,unknown,כפר סבא,0.0,32.1669158,34.9284553,-6.943056617711927,8278
yoh_025,נס ציונה,יוחננוף,יוחננוף,25.0,נס ציונה,נס ציונה,0.0,31.930427,34.7973195,-3.1928388837612527,5577
yoh_026,רמת השרון,יוחננוף,יוחננוף,26.0,חרושת 10,רמת השרון,0.0,32.1283385,34.8590274,-6.372156305572062,7905
yoh_027,יד אליהו,יוחננוף,יוחננוף,27.0,יגאל אלון 57,תל אביב יפו,0.0,32.0626068,34.79160299999999,-6.375334897534612,7434
yoh_028,ראשלצ רמת אליהו,יוחננוף,יוחננוף,28.0,משורר השואה 15,ראשון לציון,0.0,31.9828662,34.7923622,-7.367096685617586,6288
yoh_029,בת ים,יוחננוף,יוחננוף,29.0,בת ים,בת ים,0.0,32.0135807,34.7516713,-3.396849407169617,6549
yoh_030,נתניה,יוחננוף,יוחננוף,30.0,נתניה,נתניה,0.0,32.2868611,34.8664061,-6.851286910781045,7701
yoh_031,מרכז סנטרו רחובות,יוחננוף,יוחננוף,31.0,רחובות,רחובות,0.0,31.8942716,34.7900746,-7.058750498907721,8246
yoh_032,בן צבי תל אביב,יוחננוף,יוחננוף,32.0,דרך בן צבי 112,תל אביב יפו,0.0,32.0443009,34.7690582,-6.472044907199,7470
yoh_033,איירפורט סיטי,יוחננוף,יוחננוף,33.0,איירפורט סיטי,איירפורט סיטי,0.0,31.9861295,34.914539,-2.9313363041539318,7025
yoh_034,מבקיעים אשקלון,יוחננוף,יוחננוף,34.0,"מתחם גלובוס סנטר, מבקיעים",אשקלון,0.0,31.6262096,34.5823216,-7.147265216043552,7408
yoh_035,תל אביב נחלת יצחק,יוחננוף,יוחננוף,35.0,נחלת יצחק 20,תל אביב יפו,0.0,32.0739817,34.7981136,-2.927709497110163,5081
yoh_036,חדרה צפוני,יוחננוף,יוחננוף,36.0,דן שכטמן 10,חדרה,0.0,32.4407789,34.8949244,-7.451210869985892,7276
yoh_037,עפולה,יוחננוף,יוחננוף,37.0,קהילת ציון 30,עפולה,0.0,32.6065955,35.2974223,-7.496536128393685,6385
yoh_038,טבריה תחתית,יוחננוף,יוחננוף,38.0,יהודה הלוי 113,טבריה,0.0,32.79081408461976,35.53184441507727,-7.09899300062392,4959
yoh_039,קרית שמונה,יוחננוף,יוחננוף,39.0,שדרות תל חי 93,קרית שמונה,0.0,33.1971022,35.5694944,-7.733548183126428,6074
yoh_040,באר שבע,יוחננוף,יוחננוף,40.0,דרך חברון 48,באר שבע,0.0,31.2416655,34.8092079,-7.52693232419749,6750
yoh_041,אשקלון ברנע,יוחננוף,יוחננוף,41.0,אריה טגר 45,אשקלון,0.0,31.70115169999999,34.5798745,-3.2043676490195727,5597
yoh_042,קניון הבאר,יוחננוף,יוחננוף,42.0,מורשת ישראל 15,ראשון לציון,0.0,31.9756564,34.7742545,-3.1979121009059552,4536
yoh_046,מישור אדומים,יוחננוף,יוחננוף,,מישור אדומים,מעלה אדומים,,31.787103766782728,35.338269248029206,-7.298006387867657,6440
yoh_048,אשדות יעקב,יוחננוף,יוחננוף,48.0,אשדות יעקב,אשדות יעקב,0.0,32.6620459,35.5715331,-3.1278910255690175,3796
yoh_050,נתניה הדרים,יוחננוף,יוחננוף,50.0,האורזים 2,נתניה,0.0,32.3232133,34.8715049,-7.149878206020997,7302
yoh_052,גדרה,יוחננוף,יוחננוף,,אברהם דורון 1,גדרה,,31.8120082,34.7774347,-6.86079935074852,7117
yoh_053,רעננה,יוחננוף,יוחננוף,53.0,נווה זמר,רעננה,0.0,32.1931177,34.8654493,-2.951743193563975,3931
yoh_054,תא - אחד העם,יוחננוף,יוחננוף,54.0,unknown,תל אביב יפו,0.0,32.06564,34.77591,7.17653978833764,1767
yoh_055,נתיבות מנהטן,יוחננוף,יוחננוף,55.0,אליהו אילוז 2,נתיבות,0.0,31.4124752,34.5728863,-7.255432568448715,4260
yoh_059,אור עקיבא -שקמים,יוחננוף,יוחננוף,59.0,השקמים 8,אור עקיבא,0.0,32.5046361,34.917818,-3.5205723904056754,3240
yoh_060,בית שאן,יוחננוף,יוחננוף,,מנחם בגין 1 ,בית שאן,,32.498671,35.503976,-6.31817280104306,4373
