store_code,store_name,chainname,subchainname,storeid,address,city,zipcode,latitude,longitude,average_price_diff,kashi_item_count
car_002,מרקט אשקלון החאן,קרפור,קרפור מרקט,2,הרצל 33,אשקלון,7860132,31.6690874,34.586559,8.245943642,871
car_004,אשקלון צפוני,קרפור,קרפור היפר,,הפנינים 28,אשקלון,7863636,31.6682664,34.6023671,-5.567548729,2292
car_009,היפר רעננה רמה,קרפור,קרפור היפר,9,זרחין 12,רעננה,4320906,32.1958481,34.8836394,-5.353693805,2404
car_010,כפר סבא,קרפור,קרפור,10,השקמה 21,כפר סבא,4450012,32.176305,34.933172,-5.157682307,2292
car_012,פתח תקוה,קרפור,קרפור מרקט,12,בר כוכבא 63,פתח תקווה,4922055,32.096693,34.8856478,-8.307509196,2556
car_019,תל מונד,קרפור,קרפור,,בני דרור 8,תל נונד,4063134,32.261756,34.901082,3.04373696,1700
car_026,מרקט ראש העין יהושע,קרפור,קרפור מרקט,26,יהושע בן נון 77,ראש העין,4804824,32.1047554,34.9425888,0.55685738,2152
car_033,היפר בית שמש,קרפור,קרפור היפר,33,"שדרות יגאל אלון ,מרכז ביג",בית שמש,9906201,31.7564164,34.9902576,-5.563193053,2395
car_037,מרקט אור יהודה,קרפור,קרפור מרקט,37,המפעל 13,אור יהודה,0,32.0347675,34.8499789,-6.951652761,2881
car_041,מרקט אור עקיבא,קרפור,קרפור היפר,41,האילן 2 א.ת צפוני אור עקיבא,אור עקיבא,3063907,32.5146179,34.9232696,-5.781026394,2045
car_044,מרקט מעלות תרשיחא,קרפור,קרפור מרקט,44,שלמה שרירא 3 מעלות תרשיחא,מעלות תרשיחא,2120107,33.0216836,35.2802834,0.13768034,2065
car_046,רמלה,קרפור,קרפור,46,קלאוזנר 10,רמלה,7243224,31.9229092,34.8779067,0.472442105,1957
car_055,דליית אל כרמל,קרפור,קרפור היפר,55,דרך ראשית 672 כיכר חמוד אל-קארה,דלית אלכרמל,3005600,32.6955201,35.0514526,-0.806666649,1193
car_056,מרקט ערד,קרפור,קרפור מרקט,56,התעשיה 60,ערד,8909424,31.2481659,35.2011827,-5.386375369,2004
car_057,היפר בית שאן,קרפור,קרפור היפר,57,א.ת צפוני בית שאן,בית שאן,1177940,32.497103,35.497336,-5.516305178,2041
car_059,מרקט קרית גת,קרפור,קרפור מרקט,59,אסתר המלכה 19,קרית גת,0,31.6353946,34.7722321,0.410254448,273
car_060,מרקט אשדוד,קרפור,קרפור מרקט,60,השייטים 9,אשדוד,7744140,31.800285,34.6415622,2.931999957,1618
car_061,נתניה בסיטי,קרפור,קרפור,61,"האר""י 12",נתניה,4628555,32.3119039,34.8565982,0.874999035,1387
car_062,בסיטי מודיעין,קרפור,קרפור סיטי,62,עמק החולה 76,מודיעין מכבים רעות,7170399,31.8962796,35.0112568,12.38444116,1223
car_063,קרפור קרית ראשון,קרפור,קרפור,,החלמונית 29,ראשון לציון,7542033,31.9696904,34.7832776,0.807740077,2537
car_064,סיטי הרצליה ליד הבית,קרפור,קרפור סיטי,64,רבי עקיבא 50,הרצליה,46422360,32.153352,34.8496839,11.63260062,963
car_065,קרפור מרקט אשקלון,קרפור,קרפור מרקט,,קיבוץ גלויות 5,אשקלון,7834104,31.66631402,34.56677972,-0.594134281,1300
car_067,סיטי חולון,קרפור,קרפור סיטי,67,המרגנית 2,חולון,5845909,32.00964386,34.77882158,12.44314137,1600
car_068,מרקט אשקלון ברנע,קרפור,קרפור מרקט,68,הודית לייפר מילר 6,אשקלון,7880811,31.69902796,34.58319994,11.3400038,930
car_073,קרפור מרקט עתלית,קרפור,קרפור מרקט,73,רחוב הרדוף מרכז מסחרי,עתלית,3032706,32.6960656,34.9458283,11.53129416,1500
car_074,קרפור רמלה לוין,קרפור,קרפור מרקט,,אבא אחימאיר 1 קרית מנחם,רמלה,7228401,31.9189548,34.8694953,0.060275571,1278
car_080,טבעון,קרפור,קרפור,80,"קק""ל 16 קרית טבעון",טבעון,3608208,32.7116459,35.1201256,12.53628659,1090
car_081,ראשון מערב,קרפור,קרפור מרקט,81,השירה העברית 10,ראשון לציון,7573105,31.97772708,34.76956834,7.755808612,1038
car_083,סיטי צור יצחק,קרפור,קרפור סיטי,83,א.ת מסחרי צור יצחק,צור יצחק,4580800,32.2415041,34.9972202,3.990658961,1239
car_084,סיטי מתן,קרפור,קרפור סיטי,84,הדר 84,מתן,4585800,32.1590279,34.9733804,12.78690828,1453
car_085,סיטי מנחם בגין,קרפור,קרפור סיטי,85,מנחם בגין 152,תל אביב יפו,0,32.0794051,34.7950758,2.546417692,1758
car_089,סיטי תל אביב TLV,קרפור,קרפור סיטי,,קניון גינדי - רחוב קרליבך תל אביב,תל אביב יפו,6713208,32.0692273,34.7863364,3.935226447,2485
car_091,קרפור מרקט ריינס,קרפור,קרפור מרקט,,ריינס 6 שכונת קרית משה,ירושלים,9542731,31.8408456,35.2481814,-1.873384188,1357
car_108,סיטי פנקס תל אביב,קרפור,קרפור סיטי,108,46-50 פנקס,תל אביב יפו,6226112,32.090765,34.788861,5.271952555,2878
car_1139,סיטי רון כפר סבא,קרפור,קרפור סיטי,1139,2 יעקב כהן,כפר סבא,4440202,32.1817468,34.909965,4.805453271,2777
car_116,סיטי ככר דיזנגוף,קרפור,קרפור סיטי,116,9 ככר דיזנגוף,תל אביב יפו,6428110,32.0983446,34.7749398,3.814533238,2512
car_117,סינמה סיטי,קרפור,קרפור היפר,117,סינמה סיטי באר שבע,באר שבע,3541416,31.234324,34.79977283,-12.01326535,3004
car_119,מרקט כרכור,קרפור,קרפור מרקט,119,"שדרות מחנה 80, מספר 4",פרדס חנה כרכור,0,32.46547414,34.98856952,-6.41714327,2704
car_120,היפר אופקים,קרפור,קרפור היפר,120,בצלאל 1,אופקים,,31.31886551,34.62927839,-5.42966395,1971
car_1201,מגה יהלומים גבעתיים,קרפור,מגה,1201,1 כורזין,גבעתיים,5358301,32.05918966,34.81596991,1.163098738,1964
car_121,קרפור טמרה,קרפור,קרפור מרקט,121,טמרה,טמרה,1234456,32.85543143,35.18640762,-5.218444417,1572
car_1228,תל כביר,קרפור,קרפור,1228,גרינבאום 45 תל כביר,תל אביב יפו,6810982,32.0404773,34.7658227,1.866133657,1716
car_123,מרקט בית שמש האמוראי,קרפור,קרפור מרקט,123,שדרות האמרואים 28,בית שמש,8713504,31.70741493,34.96692604,-8.667818629,2243
car_124,מרקט יבנה דואני,קרפור,קרפור מרקט,1,דואני 42,יבנה,7564312,31.87436403,34.73732357,-7.818467247,2391
car_125,קרפור יבנה נאות שמיר,קרפור,קרפור מרקט,1,הרצל 19,יבנה,7080919,31.85951746,34.72168716,-6.404014349,2705
car_126,היפר עפולה,קרפור,קרפור היפר,126,מנחם בגין 53,עפולה,1871338,32.60020237,35.29282358,-12.03566491,2990
car_127,היפר נתיבות מרכז,קרפור,קרפור היפר,1,בעלי מלאכה 3,נתיבות,8776202,31.41812877,34.59509801,-12.26642081,2952
car_128,היפר ירושלים תלפיות,קרפור,קרפור היפר,1,האומן 14,ירושלים,9342109,31.75076132,35.20996771,-12.09925603,3002
car_129,קרפור קרית שמונה,קרפור,קרפור מרקט,129,טשרניחובסקי 4,קרית שמונה,1103131,33.21086416,35.56873232,-12.49563156,2812
car_132,סיטי ויצמן תל אביב,קרפור,קרפור סיטי,132,20 ויצמן,תל אביב יפו,6423001,32.0831251,34.7893552,3.878261354,2452
car_140,סיטי גרינברג חיפה,קרפור,קרפור סיטי,140,20 א.צ גרינברג,חיפה,3475712,32.7754412,34.9915007,3.607011592,2020
car_1430,סיטי קניון קיראון,קרפור,קרפור סיטי,1430,שלמה המלך,קרית אונו,542335,32.0556897,34.8626895,13.42485636,1843
car_183,עוזיאל בת ים,קרפור,קרפור,,5 עוזיאל,בת ים,5946105,32.023287,34.7479501,4.986746621,2703
car_191,מגה ויצמן חולון,קרפור,מגה,191,48 סוקולוב,חולון,5832201,32.0182484,34.7707667,-5.305172641,2555
car_2040,מגה כרמליה חיפה,קרפור,מגה,,אלכסנדר ינאי 3 חיפה,חיפה,3481603,32.797406,34.975196,12.02153359,1105
car_2070,סיטי כפר יונה דרום,קרפור,קרפור סיטי,2070,40 מנחם בגין,כפר יונה,4035736,32.3117945,34.9367876,13.66658745,1674
car_213,סיטי אבן גבירול תא,קרפור,קרפור סיטי,213,30 אבן גבירול,תל אביב יפו,6467807,32.0750419,34.7819586,5.634199927,2816
car_2180,מגה אבן יהודה,קרפור,מגה,2180,הדרים פינת המיסדים,אבן יהודה,4051113,32.2692212,34.8906791,13.30736307,1741
car_2190,מגה גני העיר רחובות,קרפור,מגה,,15 דרך ירושלים,רחובות,7663008,31.8802184,34.8206734,13.40127975,1627
car_221,מרקט מגדל נחום בת ים,קרפור,קרפור מרקט,221,65 שדרות העצמאות,בת ים,5939552,32.0283833,34.7488523,-4.625711635,2804
car_2230,מרקט גני אביב לוד,קרפור,קרפור מרקט,2230,ארבע עונות 14,לוד,7145806,31.9590876,34.8803708,0.172511828,2047
car_2240,מרקט בית וגן ק.אתא,קרפור,קרפור מרקט,2240,10 העצמאות,קרית אתא,2807110,32.7983003,35.1027423,2.918510122,1793
car_2310,מרקט גן יבנה,קרפור,קרפור מרקט,2310,הרצל פ.קיבוץ גלויות,גן יבנה,7080901,31.7895298,34.7118682,0.578018815,1645
car_2320,סיטי קניון גבעתיים,קרפור,קרפור סיטי,2320,ויצמן פינת יצחק רבין,גבעתיים,5346903,32.0663446,34.8109297,13.85749343,2256
car_2330,סיטי אשדוד יב,קרפור,קרפור סיטי,2330,תמוז 14 מרכז מסחרי,אשדוד,7775114,31.7814535,34.6380512,13.53674799,1689
car_2410,מרקט עיר ימים נתניה,קרפור,קרפור מרקט,2410,שדרות בן גוריון,נתניה,4227231,32.2791567,34.8470676,2.85074988,2064
car_2470,ש. נאות חן חדרה,קרפור,קרפור,2470,הלל יפה 5 פינת סמילנסקי,חדרה,3820308,32.4339439,34.9158956,-0.888685801,1652
car_2490,מגה כפר שלם,קרפור,מגה,2490,10 סנפיר,תל אביב יפו,6729801,32.0515996,34.8056166,13.10976165,1625
car_2518,מגה פארק הירקון,קרפור,מגה,,1 שלום אש,תל אביב יפו,6948307,32.100744,34.807026,13.15864757,1500
car_2530,מגה בת גלים,קרפור,מגה,2530,37 העליה השניה,חיפה,3501601,32.8318585,34.9792929,13.3781173,1340
car_2540,מרקט מודעין שמשוני,קרפור,קרפור מרקט,2540,עמק בית שאן פינת יחזקאל הנביא,מודיעין מכבים רעות,7171702,31.9120349,35.0018653,0.080494351,2019
car_256,מגה רמת יוסף בת ים,קרפור,מגה,256,20 מבצע סיני,בת ים,5951503,32.0206175,34.7568551,3.53658854,2220
car_2577,מגה לב נתניה,קרפור,מגה,2577,32 הרב קוק,נתניה,4226110,32.2950621,34.8505542,13.70956159,1688
car_2730,מגדל העמק,קרפור,קרפור,2730,ניצנים 39,מגדל העמק,2351330,32.6823717,35.2373076,-0.419160959,1592
car_2740,מרקט שרונה רחובות,קרפור,קרפור מרקט,2740,מדר פינת דרך ירושלים,רחובות,7663101,31.8874564,34.8200824,2.071195548,2046
car_2750,"קרפור עמישב פ""ת",קרפור,קרפור מהדרין,,דרך מנחם בגין 96,פתח תקווה,4973295,32.069694,34.9142034,-0.697449932,1746
car_2840,מרקט אשדוד ח,קרפור,קרפור מרקט,2840,הרב לוין מ.מסחרי,אשדוד,7763804,31.7836627,34.6534113,-1.374071981,1574
car_2960,סיטי זכרון יעקב,קרפור,קרפור סיטי,2960,.10 חברה חשבונאית,זכרון יעקב,3094089,32.5661431,34.9424895,12.81908704,1827
car_2976,סיטי צפון באר שבע,קרפור,קרפור סיטי,2976,101 אברהם אבינו,באר שבע,8454001,31.2700224,34.7972186,13.02143355,1327
car_3020,בית אליעזר,קרפור,קרפור היפר,,חדרה,חדרה,3848221,32.4339559,34.9158064,8.259428252,1343
car_3050,מגה קניון כפר יונה,קרפור,מגה,3050,6 שרת,כפר יונה,4035806,32.3207607,34.9360101,14.12450384,1377
car_3174,סיטי גבעת שמואל,קרפור,קרפור סיטי,3174,האורנים,גבעת שמואל,54045301,32.0679616,34.8457903,13.01208182,1336
car_3180,מגה רמות צהלה,קרפור,מגה,3180,4-6 גרפית,תל אביב יפו,6930041,32.121315,34.830805,6.779816311,1223
car_3210,מגה לב אשקלון,קרפור,מגה,,שכונת שמשון,אשקלון,7864118,31.65515009,34.55664151,12.40744767,1522
car_3280,סיטי אלוני השרון,קרפור,קרפור סיטי,3280,תום לנטוס 26 ק.השרון,נתניה,4276001,32.30698939,34.86910161,13.99302108,1430
car_329,סיטי נאות רחל חולון,קרפור,קרפור סיטי,329,מגה בעיר,חולון,5836111,32.01833834,34.76472249,5.265072833,2833
car_3300,מגה שכונה ו באר שבע,קרפור,מגה,,קנ.אביה שד.שאול המלך,באר שבע,8479612,31.261528,34.784254,-0.368086431,1602
car_337,מגה נאות אפקה,קרפור,מגה,,15 לאה,תל אביב יפו,6941215,32.12020379,34.82039922,4.545541222,2669
car_3420,מגה אלנבי ירושלים,קרפור,מגה,,"בית""ר פינת ינובסקי",ירושלים,9338603,31.75543126,35.22431918,-0.00563436,1506
car_3440,סיטי מזכרת בתיה,קרפור,קרפור סיטי,3440,8 שדרות אליהו,מזכרת בתיה,7685448,31.8544885,34.8422381,13.36116238,1510
car_345,סיטי נאות שושנים חול,קרפור,קרפור סיטי,345,הסתדרות 104,חולון,5840006,32.0167759,34.7813891,4.713458717,2523
car_3506,סיטי גבעת סביון,קרפור,קרפור סיטי,3506,78 הגליל,גני תקווה,5591478,32.0570106,34.8686103,13.51310651,1888
car_353,סיטי הצרכנייה אשדוד,קרפור,קרפור סיטי,353,25 רוגוזין,אשדוד,7744003,31.8041835,34.6429239,4.871536846,2723
car_3580,סיטי רמות אלון חיפה,קרפור,קרפור סיטי,3580,29 יגאל אלון,חיפה,3298331,32.7732794,35.0130904,12.94027647,1631
car_3600,מגה בעיר- שטמפפר,קרפור,מגה,,"שטמפפר 73, פינת אבניאל פ""ת",פתח תקווה,4929078,32.093471,34.8902527,8.414097848,1492
car_3610,הרצל חיפה,קרפור,קרפור,,הרצל 97,חיפה,3321609,32.804778,35.0033715,-1.000555815,1451
car_3680,קרפור מרקט בית שמש,קרפור,קרפור מרקט,,נחל השורק 23,בית שמש,9909135,31.7145524,34.9886899,-0.805595307,1742
car_3700,מרקט נווה זאב בש,קרפור,קרפור מרקט,3700,64 יוהנה זבוטינסקי,באר שבע,8425842,31.2395415,34.7740533,1.803432434,2112
car_3740,מרקט אפרידר אשקלון,קרפור,קרפור מרקט,3740,5 שדרות ירושלים,אשקלון,761719,31.6778055,34.5753127,-0.543518602,1463
car_3850,סיטי בית הכרם ים,קרפור,קרפור סיטי,3850,אבי זהר,ירושלים,9626701,31.7753984,35.1875994,13.01990219,1999
car_3990,סיטי תל ברוך תא,קרפור,קרפור סיטי,3990,8 בקר,תל אביב יפו,6464316,32.1227035,34.816677,12.64307882,1860
car_400,רפור סיטי קניון כפר סבא (1030),קרפור,קרפור סיטי,400,כצנלסון 20,כפר סבא,4440522,32.17866029,34.9036154,4.809521189,2735
car_401,קרפור סיטי הוד השרון,קרפור,קרפור סיטי,401,שלום עליכם 1,הוד השרון,4500901,32.15934864,34.88795713,4.609134441,2567
car_402,קרפור סיטי דיזנגוף,קרפור,קרפור סיטי,402,דיזנגוף 65,תל אביב יפו,6433237,32.07590257,34.77460138,1.608940467,2893
car_403,קרפור סיטי הצרכנייה רמלה,קרפור,קרפור סיטי,403,שדרות הרצל 45,רמלה,7240613,31.93196921,34.86932456,-7.609860853,2346
car_405,קרפור סיטי נווה כרמית,קרפור,קרפור סיטי,405,זבוטינסקי 65,ארשון לציון,7521819,31.9667921,34.79909581,4.992369668,2658
car_406,קרפור סיטי מכבים (1150),קרפור,קרפור סיטי,406,מ.מסחרי רננים מכבים,רעות-מכבים,7176538,31.89200775,35.0337092,4.713617863,2579
car_407,קרפור בעיר חפץ חיים,קרפור,קרפור סיטי,407,הרצל 28,רחובות,4943519,31.88165549,34.81784747,5.233377009,2829
car_408,קרפור סיטי צמרות,קרפור,קרפור סיטי,408,ניסים אלוני,תל אביב יפו,6291924,32.08899726,34.79717125,5.613809837,2838
car_411,קרפור סיטי מגדלי דוד,קרפור,קרפור סיטי,411,אורי 12,תל אביב יפו,6495410,32.08148226,34.78546305,4.987775937,2682
car_4110,קרפור מרקט לב הרצליה,קרפור,קרפור מרקט,,בן גוריון 2,הרצליה,4678501,32.1666234,34.8422973,3.37971469,1827
car_4120,מגה הדר הרצליה,קרפור,מגה,,2 הדר,הרצליה,4629025,32.16757451,34.84934627,13.05254265,1653
car_413,קרפור סיטי מגדלי דוד,קרפור,קרפור סיטי,413,קפלן 13,קרפור סיטי בילינסון פתח תקווה,4943712,32.08853976,34.86884251,4.25346013,2569
car_4130,סיטי נווה אמירים,קרפור,קרפור סיטי,4130,82 בן גוריון,הרצליה,4644630,32.1545039,34.8421088,12.84184009,1911
car_414,קרפור סיטי מעוז אביב,קרפור,קרפור סיטי,414,בני אפרים 209,תל אביב יפו,6998421,32.11122501,34.81612727,5.065553463,2218
car_415,קרפור סיטי רמת אביב,קרפור,קרפור סיטי,415,אבא אחימאיר 35,תל אביב יפו,6949219,32.12482529,34.80448504,5.097153895,2822
car_4150,סיטי הרצליה פיתוח,קרפור,קרפור סיטי,4150,34 זהר טל,הרצליה,4674134,32.1708537,34.8028265,13.68757925,1241
car_416,קרפור היפר שדרות,קרפור,קרפור היפר,416,קניון פנינת הנגב שדרות,שדרות,8714517,31.52869308,34.60617884,-11.9875019,3000
car_4160,סיטי נוף ים הרצליה,קרפור,קרפור סיטי,4160,10 שער הים,הרצליה,4660610,32.1879828,34.8128297,12.78005085,993
car_4170,מגה נוה עמל,קרפור,מגה,4170,19 כצנלסון,הרצליה,4629010,32.16909878,34.85627552,13.12277024,1371
car_4200,סיטי זרובבל ר.השרון,קרפור,קרפור סיטי,4200,33 סוקולוב,רמת השרון,4723602,32.141958,34.8365545,12.95887485,1437
car_4220,סיטי נס ציונה,קרפור,קרפור סיטי,4220,1 אבנר בן נר,נס ציונה,7422018,31.9220671,34.8099931,12.63662834,1719
car_4270,קרפור מרקט אלעד,קרפור,קרפור מרקט,,בן זכאי 32,אלעד,4080041,32.0475883,34.9556007,-1.162385758,1457
car_4280,מרקט אודיטוריום חיפה,קרפור,קרפור מרקט,4280,134 שדרות הנשיא,חיפה,3464502,32.8032646,34.9858779,0.795012073,1848
car_4420,מגה אואזיס רמת גן,קרפור,מגה,,87 הרצל,רמת גן,5244346,32.08792688,34.81447435,11.61632835,1652
car_470,קרפור סיטי מגדלי כרמל,קרפור,קרפור סיטי,470,חנה סנש 20,חיפה,3385401,32.80119206,34.99636821,9.810082262,2031
car_493,"מגה הרוא""ה ר""ג",קרפור,מגה,493,"2 הרוא""ה",רמת גן,5243201,32.08362051,34.81601409,4.385764464,2194
car_515,"מגה רווה ר""ג - חדש",קרפור,מגה,515,113 עוזיאל,רמת גן,5234439,32.06848392,34.82197887,4.123985501,2550
car_5204,קוויק כפר סבא,קרפור,קוויק,5204,,כפר סבא,,32.17352635,34.89124841,16.22039186,505
car_523,מגה דימונה,קרפור,מגה,,1 הנשיא,דימונה,8603401,31.069419,35.033363,3.992586925,2400
car_5304,כפא סבא @ קרפור,קרפור,קרפור,, כפר סבא,כפר סבא,4450012,32.1862357,34.9044103,3.973104456,1824
car_558,סיטי רמת החייל תא,קרפור,קרפור סיטי,558,7 ד.מ. מרכוס,תל אביב יפו,6988213,32.1141968,34.8356933,6.242030557,2369
car_580,סיטי עמק הברכה,קרפור,קרפור סיטי,580,עמק הברכה,תל אביב יפו,6745613,32.076308,34.7989587,3.781178306,2290
car_610,סיטי באר שבע,קרפור,קרפור סיטי,610,42 שדרות י-ם,באר שבע,8477116,31.24748704,34.78006782,3.957613525,2206
car_620,סיטי נתניה,קרפור,קרפור סיטי,620,29 ירושלים,נתניה,4230317,32.32426337,34.85509831,3.66173068,2170
car_698,סיטי בית אבות רמת א,קרפור,קרפור סיטי,698,2 שד.הארזים,רמת אפעל,5290366,32.0518163,34.8366946,2.995615134,1501
car_701,סיטי קרית אונו,קרפור,קרפור סיטי,701,57 הנשיא,קרית אונו,5557057,32.0605508,34.8559181,3.796130432,1990
car_752,מגה רמת אפעל מרכז מ,קרפור,מגה,,16 שד.האורנים,רמת אפעל,5290350,32.047236,34.835859,4.532488792,2629
car_820,מגה מרכז רעננה- חדש,קרפור,מגה,,114 אחוזה,רעננה,4345015,32.1818726,34.8699162,4.684617306,2314
car_830,קרפור גולן רעננה,קרפור,קרפור,,אחוזה 198,רעננה,4355801,32.1827356,34.8657024,0.708680106,1523
car_850,מגה מרכז מסחרי קרית,קרפור,מגה,,1 התקומה,רעננה,4353501,32.1923797,34.8745337,4.9074894,2470
car_870,סיטי ותיקים רעננה,קרפור,קרפור סיטי,870,11 ההסתדרות,רעננה,4345605,32.1860931,34.8763149,3.615043923,2193
car_906,סיטי מרכז נתניה,קרפור,קרפור סיטי,906,שטמפר,נתניה,4240223,32.3280827,34.8539921,4.872879822,2666
car_914,סיטי נווה אביבים תא,קרפור,קרפור סיטי,914,13 אופנהיימר,תל אביב יפו,6939513,32.1201658,34.7997804,5.143682127,2782
car_981,מגה אזורים נתניה,קרפור,מגה,,14 גרינבאום יצחק,נתניה,4246514,32.2950621,34.8505542,4.731545591,2657
mah_001,"1 ב""ש-בית אשל",מחסני השוק,מחסני השוק,1,בית אשל 1,באר שבע,,31.239921,34.7939865,-24.42149152,2878
mah_011,11  עין יהב,מחסני השוק,מחסני השוק בסיטי,11,ד.נ.ערבה 86820,עין יהב,,30.6567034,35.2334266,-18.36128483,2617
mah_015,"15  שכונה ט ב""ש",מחסני השוק,מחסני השוק בסיטי,15,שד` ירושלים 10,באר שבע,,31.245752,34.771617,-20.48733555,2865
mah_016,"16 יעלים ב""ש",מחסני השוק,מחסני השוק בסיטי,16, ,באר שבע,,31.2509597,34.7796984,-21.86701754,2602
mah_018,18 נוף הגליל,מחסני השוק,מחסני השוק,18, ,נוף הגליל,,32.7035785,35.3186256,-24.09577041,2887
mah_020,20 להבים,מחסני השוק,מחסני השוק,20,מרכז מסחרי להבים ,להבים,,31.3733931,34.8092845,-24.40262614,2885
mah_026,"26  רמות- ב""ש",מחסני השוק,מחסני השוק בסיטי,26,מנחם דידנר 18,באר שבע,,31.2804515,34.8041813,-4.504684863,2556
mah_030,"30 נווה זאב- ב""ש",מחסני השוק,מחסני השוק בסיטי,30,מאפו 7,באר שבע,,31.234266,34.768057,-18.74155383,2667
mah_035,35 שלומי,מחסני השוק,מחסני השוק בסיטי,35,ההשראה 2,שלומי,,33.0754389,35.1450494,-21.21289307,2666
mah_036,36 עפולה ביהח העמק,מחסני השוק,מחסני השוק בסיטי,36,יצחק רבין 21,פרדס חנה כרכור,1834111,32.62152171,35.3172841,-25.09023209,2288
mah_040,40 אופקים,מחסני השוק,מחסני השוק,40,יהדות דרום אפריקה 14,אופקים,87573,31.3152192,34.6247327,-24.55184098,2866
mah_041,41 אופקים אזור תעשיה,מחסני השוק,מחסני השוק,41,שדרות יהדות דרום אפריקה 14,אופקים,0,31.31534632,34.6246819,-24.6390766,2730
mah_044,44 ערד,מחסני השוק,מחסני השוק,,שמיר 5,ערד,,31.2612547,35.2152179,-24.75312302,2847
mah_045,45 מיתרים,מחסני השוק,מחסני השוק בסיטי,45,אזור תעשיה הר חרמ 1,מיתרים,,31.37511958,35.00675095,-20.61382332,2705
mah_050,"50 רד""ק- ב""ש",מחסני השוק,מחסני השוק בסיטי,50,"רחבת רד""ק 28",באר שבע,,31.2521018,34.7867691,-19.24120432,2553
mah_051,51 חיפה - נשר,מחסני השוק,מחסני השוק,51,דרך בר יהודה http 147,נשר,,32.7785192,35.0406357,-24.35247403,2864
mah_052,52 מודיעין,מחסני השוק,מחסני השוק בסיטי,52,עמק דותן 24,מודיעין מכבים רעות,,31.8991267,35.0209953,-20.62345429,2698
mah_054,54 רחובות - הנשיא,מחסני השוק,מחסני השוק בסיטי,54, ,רחובות,,31.8981815,34.8215989,-18.42996467,2675
mah_055,55  יד בנימין,מחסני השוק,מחסני השוק בסיטי,55,מרכז מסחרי 1,יד בנימין,,31.792365,34.8241596,-22.51574835,2566
mah_058,"58 סניף אורגים- ב""ש",מחסני השוק,מחסני השוק,58,האורגים http://ww 1,באר שבע,,31.2543238,34.8183187,-24.35065084,2937
mah_059,59 יקנעם,מחסני השוק,מחסני השוק,59,התמר 1,יקנעם,,32.6592962,35.1045404,-24.2694064,2803
mah_060,60 דימונה,מחסני השוק,מחסני השוק,60,מרכז פרץ סנטר ,דימונה,,31.0606124,35.02014204,-24.30353491,2899
mah_061,61 דימונה ממשית,מחסני השוק,מחסני השוק,,תל לכיש 6,דימונה,,31.06026921,35.03529194,-24.36231729,2751
mah_065,65 קרית אתא,מחסני השוק,מחסני השוק בסיטי,65,חנקין 1,קרית אתא,28212,32.8125999,35.1053976,-19.95446549,2661
mah_066,66 צופים,מחסני השוק,מחסני השוק בסיטי,66, ,צופים,,32.197318,35.008912,-19.47496163,2504
mah_071,71 קריית מלאכי,מחסני השוק,מחסני השוק בסיטי,71,"צה""ל 1",קרית מלאכי,,31.7934407,34.63994849,-19.96537561,2674
mah_072,72 הפלמח (ג) אשדוד,מחסני השוק,מחסני השוק מהדרין,72,"הפלמ""ח 20",אשדוד,77376,31.80044351,34.66238004,-24.47932103,2299
mah_075,75 טבריה הדר,מחסני השוק,מחסני השוק,75,יהודה הלוי 113,טבריה,14246,32.7895736,35.5318199,-25.07779524,2680
mah_076,76 צפת,מחסני השוק,מחסני השוק,76,לוחמי הגטאות 1,צפת,13401,32.964648,35.495997,-24.43229365,2777
mah_077,77 קרית גת,מחסני השוק,מחסני השוק,77,דרך הדרום http:// 1,קרית גת,82021,31.6022033,34.7729873,-24.13139607,2847
mah_078,78 כפר עציון,מחסני השוק,מחסני השוק,78, ,כפר עציון,,31.6543398,35.1177985,-24.61373328,2591
mah_080,"80 המשחררים-ב""ש",מחסני השוק,מחסני השוק בסיטי,80,דרך המשחררים 100,באר שבע,,31.2487005,34.7834716,-18.80725574,1969
mah_081,"81 מבצע עובדה- ב""ש",מחסני השוק,מחסני השוק בסיטי,81,מבצע עובדה 2,באר שבע,,31.2596827,34.78035,-18.41524752,2550
mah_082,"82 קריה חרדית מהדרין ב""ש",מחסני השוק,מחסני השוק,82,טולדנו 12,באר שבע,8452311,31.26785039,34.77812933,-23.95162608,2650
mah_083,83 גבעת שמואל,מחסני השוק,מחסני השוק בסיטי,83, ,גבעת שמואל,,32.077607,34.8469088,-18.71070598,2362
mah_091,"91 זבוטינסקי- ת""א",מחסני השוק,מחסני השוק בסיטי,91,ז`בוטינסקי 128,רמת גן,52602,32.0903051,34.8211636,-18.54228629,2489
mah_202,202 בית הכרם ירושלים,מחסני השוק,מחסני השוק בשבילך,202,כיכר דניה 1,ירושלים,,31.7804105,35.1885692,-14.45571574,2712
mah_203,"203 הפלמ""ח ירושלים",מחסני השוק,מחסני השוק בשבילך,203,הפלמח 42,ירושלים,,31.766256,35.2089708,-14.50931263,2678
mah_205,205 קרית מנחם ירושלים,מחסני השוק,מחסני השוק בשבילך,205,דהומי 6,ירושלים,,31.75671343,35.16596771,-14.87072436,2295
mah_207,207 גבעת זאב- ירושלים,מחסני השוק,מחסני השוק בשבילך,207,מרכז מסחרי 1,גבעת זאב,,31.86702151,35.14872411,-14.93151419,2546
mah_211,211 פסגת זאב ירושלים,מחסני השוק,מחסני השוק בשבילך,211,שדרקות משה דיין 1,ירושלים,,31.83813817,35.23439431,-14.71815705,2593
mah_212,212 תלפיות מזרח ירושלים,מחסני השוק,מחסני השוק בשבילך,212,דב גרונר מרכז מסח 2,ירושלים,,31.749309,35.236047,-14.93886975,2616
mah_217,217 גבעת שפירא ירושלים,מחסני השוק,מחסני השוק בשבילך,217,ההגנה 19,ירושלים,97851,31.805577,35.238607,-14.51506267,2613
mah_218,218 נווה יעקב ירושלים,מחסני השוק,מחסני השוק מהדרין,218,מרכז מסחרי נווה י 1,ירושלים,,31.84122227,35.24068148,-18.18228667,2318
mah_220,220 גבעת אורנים ירושלים,מחסני השוק,מחסני השוק בשבילך,220,שי עגנון 20,ירושלים,,31.76146,35.206462,-15.85743524,2617
mah_222,222 וולפסון ירושלים,מחסני השוק,מחסני השוק בשבילך,222, ,ירושלים,,31.756478,35.1660279,-14.22894519,2641
mah_223,223 פסגת זאב מזרח ירושלים,מחסני השוק,מחסני השוק בשבילך,223,מאיר גרשון פ.יוסף 3/1,ירושלים,,31.819819,35.245497,-14.03492312,2690
mah_230,230 קייזר מודיעין בשבילך,מחסני השוק,מחסני השוק בשבילך,230,גינת זבולון קייזר 24,מודיעין מכבים רעות,,31.9073565,34.9980728,-14.12643702,2669
mah_238,238 קריית ים שרת,מחסני השוק,מחסני השוק בשבילך,238,משה שרת 2,קרית ים,,32.851004,35.070244,-15.00247966,2288
mah_239,239 קצרין,מחסני השוק,מחסני השוק בשבילך,239,קניון לב קצרין 1,קצרין,,32.9938584,35.690649,-16.32752634,2581
mah_241,241 אורה -ירושלים,מחסני השוק,מחסני השוק בשבילך,241,הנריטה סולד 1,ירושלים,,31.75494,35.1605834,-12.80477975,2679
mah_242,242 אפרת,מחסני השוק,מחסני השוק בשבילך,242,מרכז מסחרי ג רחוב 1,אפרת,,31.6570062,35.152073,-21.20024135,2253
mah_244,244 יבנה,מחסני השוק,מחסני השוק בשבילך,244,האגוז 2,יבנה,,31.8753534,34.7350096,-19.35793004,2497
mah_245,245 גדרה,מחסני השוק,מחסני השוק בשבילך,245,מנחם בגין 40,גדרה,,31.803675,34.7848455,-14.44169605,2531
mah_246,246 חפץ חיים נתניה,מחסני השוק,מחסני השוק בשבילך,246,חפץ חיים 4,נתניה,,32.29564,34.845049,-13.44670519,2532
mah_247,247 לב יסמין נתניה,מחסני השוק,מחסני השוק בשבילך,247,פנחס ליבון 18,נתניה,,32.28336338,34.85369215,-14.48108624,2633
mah_250,250 עפולה מחסני השוק,מחסני השוק,מחסני השוק בסיטי,250,קפלן 10,עפולה,,32.6309394,35.3255424,-20.60053997,2329
mah_260,260 אשדוד דב גור,מחסני השוק,מחסני השוק בשבילך,260,דב גור 27,אשדוד,,31.7920608,34.6552344,-14.6428351,2430
mah_261,"261 ראשל""צ",מחסני השוק,מחסני השוק בשבילך,261,השדה 12,ראשון לציון,,31.96308451,34.79458462,-14.82631192,2342
mah_262,262 ויצמן נתניה,מחסני השוק,מחסני השוק בשבילך,262,הרצוג 23,נתניה,,32.31999235,34.8552307,-14.05561988,2536
mah_263,263 בנימין נתניה,מחסני השוק,מחסני השוק בשבילך,263,שדרות בנימין 60,נתניה,,32.283226,34.8534622,-14.23169325,2637
mah_264,264 פולג נתניה,מחסני השוק,מחסני השוק בשבילך,264,אמנון ותמר 6,נתניה,,32.27493522,34.8479583,-14.67130689,2512
mah_265,265 רחובות - גורודצקי,מחסני השוק,מחסני השוק בשבילך,265,גורודסקי 51,רחובות,,31.89843521,34.82168424,-14.77790135,2547
mah_267,267 צור הדסה-ירושלים,מחסני השוק,מחסני השוק בשבילך,267,רכסים 2,צור הדסה,,31.7130181,35.0989389,-14.40069222,2605
mah_268,268 נהריה מחסני השוק,מחסני השוק,מחסני השוק בשבילך,268,הזמיר 63,נהריה,,33.0030477,35.1062362,-17.72479927,2319
mah_277,"277 הראשונים ראשל""צ",מחסני השוק,מחסני השוק בשבילך,277,הנחשול 30,ראשון לציון,,31.98452797,34.78264682,-14.27462261,2619
mah_289,289 ניצה  נתניה,מחסני השוק,מחסני השוק בשבילך,289,שדרות ניצה 8,נתניה,,32.3365629,34.852049,-15.96947153,1864
osh_001,מגדל העמק,אושר עד,אושר עד,1,האיצטדיון 11,מגדל העמק,2303401,32.6696574,35.2368042,-13.45195836,1825
osh_003,גבעת שאול,אושר עד,אושר עד,3,בית הדפוס 29,ירושלים,9548334,31.7852087,35.1828468,-13.23825705,1776
osh_005,קרית ביאליק,אושר עד,אושר עד,5,"הנס מולר 6, צור שלום",קרית ביאליק,2751206,32.8618235,35.098291,-11.83150402,1795
osh_006,כנות,אושר עד,אושר עד,6,אדום 24 פארק התעשיות כנות,כנות,7982500,31.8113771,34.7675852,-12.69538445,1744
osh_009,אשדוד,אושר עד,אושר עד,9,בעלי המלאכה 4,אשדוד,7761205,31.8123216,34.6635063,-15.04195257,1827
osh_010,פתח תקווה - סגולה,אושר עד,אושר עד,10,בן ציון גליס 30,פתח תקווה,4927930,32.1056568,34.8919915,-13.87827257,1861
osh_011,בני ברק,אושר עד,אושר עד,11,הקישון 11,בני ברק,5120314,32.0989129,34.8300771,-15.05673989,1747
osh_013,באר שבע,אושר עד,אושר עד,13,הקוצר 15 אזור תעשיה עמק שרה,באר שבע,8480904,31.21313578,34.81077446,-11.38198982,1805
osh_014,חדרה,אושר עד,אושר עד,14,"המסגר 22 אזה""ת הצפוני",חדרה,3850169,32.4493907,34.914005,-11.70432338,1791
osh_016,בית שמש - גליל,אושר עד,אושר עד,16,מורדי הגיטאות 6,בית שמש,9958206,31.747651,34.990749,-13.66109953,1774
osh_018,ביתר עילית,אושר עד,אושר עד,18,ביתר עילית,ביתר עילית,0,31.70438568,35.11657339,-12.86730862,1739
osh_019,עפולה,אושר עד,אושר עד,19,לסקוב,עפולה,0,32.62501599,35.31467838,-15.73330124,1834
osh_020,לוד,אושר עד,אושר עד,20,בת שבע 1 מתחם טלרד,לוד,7120101,31.9533935,34.8917808,-11.16477485,1768
osh_022,אשקלון בת הדר,אושר עד,אושר עד,22,בת הדר,אשקלון,7910300,31.648125,34.597146,-10.87722863,1761
osh_023,נתניה,אושר עד,אושר עד,23,שדרות תום לנטוס,נתניה,4276019,32.3036425,34.8696287,-10.98212675,1813
osh_024,תל אביב,אושר עד,אושר עד,24,קרמינצקי 3,תל אביב יפו,6789903,32.067096,34.7936383,-11.39662059,1777
osh_025,ראשון לציון,אושר עד,אושר עד,25,אצל 26,ראשון לציון,7570630,31.9722597,34.8093139,-11.72615201,1794
osh_026,תלפיות,אושר עד,אושר עד,26,פייר קניג 26 קניון הדר,ירושלים,9346934,31.7534343,35.213897,-12.05590074,1803
osh_028,שמגר,אושר עד,אושר עד,28,שמגר 16,ירושלים,9446116,31.7947479,35.208407,-13.9334517,1547
osh_029,קרית ים,אושר עד,אושר עד,29,גולדה מאיר 2,קרית ים,2905737,32.8560183,35.0776785,-11.12519035,1771
osh_030,חיפה,אושר עד,אושר עד,30,דרך בר יהודה 31,חיפה,3262724,32.8009038,35.013511,-11.43434771,1810
osh_031,כפר סבא,אושר עד,אושר עד,31,דרך הים 9,כפר סבא,4418001,32.18499,34.953063,-12.63038241,1793
osh_032,קרית אונו,אושר עד,אושר עד,32,שמירה אימבר גדיש 9,קרית אונו,5510101,32.035023,34.864173,-11.68883691,1795
ram_002,בזק מחסני מזון,רמי לוי,רמי לוי,2,יד חרוצים 18,ירושלים,0,31.7510508,35.2153716,-12.80513155,2120
ram_003,רמי לוי בשכונה,רמי לוי,רמי לוי,3,90 דרך החורש,ירושלים,0,31.8092121,35.1941519,-12.74237816,1677
ram_005,רב מכר,רמי לוי,רמי לוי,5,הפרסה 3,ירושלים,0,31.7520269,35.2091884,-12.69538528,2378
ram_006,מישור אדומים,רמי לוי,רמי לוי,6,איתם 1,מישור אדומים,0,31.79303257,35.33451312,-12.96718668,2491
ram_007,מבשרת,רמי לוי,רמי לוי,7,החוצבים 10,מבשרת ציון,0,31.7964782,35.1465644,-12.75798463,2360
ram_008,שער בנימין,רמי לוי,רמי לוי,8,מרכז מסחרי מטה בנמין,ירושלים,0,31.86573468,35.25966985,-13.00498279,2259
ram_009,קסיטנה,רמי לוי,רמי לוי,9,א.ת באר טוביה,קרית מלאכי,0,31.7278229,34.754139,-14.04772094,2286
ram_010,מודיעין חדש,רמי לוי,רמי לוי,10,א.ת שילת,מודיעין מכבים רעות,0,31.921173,35.014572,-12.76778917,2346
ram_011,עפולה,רמי לוי,רמי לוי,11,יהושוע חנקין 14,עפולה,0,32.6036284,35.2930192,-13.75556407,2441
ram_012,ביתר עלית,רמי לוי,רמי לוי,12,ביתר עלית,ירושלים,0,31.6998481,35.107769,-13.26608241,1816
ram_013,גבעת שאול,רמי לוי,רמי לוי,13,בית הדפוס 13,ירושלים,0,31.7857605,35.1873851,-12.53134495,2142
ram_014,טבריה,רמי לוי,רמי לוי,14,צומת פוריה ביג,טבריה,0,32.7844835,35.4986223,-12.93125935,2386
ram_015,נשר,רמי לוי,רמי לוי,15,דרך השלום 13,חיפה,0,32.7701955,35.0473851,-12.94500029,2428
ram_016,רמת גן איילון,רמי לוי,רמי לוי,16,מבצע קדש 68,בני ברק,0,32.1013984,34.8311958,-12.689962,2327
ram_017,ראש העין,רמי לוי,רמי לוי,17,א.ת לב הארץ,ראש העין,0,32.1072425,34.9555511,-12.86509112,2372
ram_019,אדמרליטי,רמי לוי,רמי לוי,19,חלוצי התעשיה 73,חיפה,0,32.8187067,35.0536682,-12.52375205,2462
ram_020,זכרון יעקב,רמי לוי,רמי לוי,20,מול זכרון,זכרון יעקב,0,32.569352,34.93345,-13.05653266,2558
ram_022,כנפי נשרים,רמי לוי,רמי לוי,22,כנפי נשרים 26,ירושלים,0,31.7882871,35.1850293,-12.5792811,2002
ram_023,גוש עציון,רמי לוי,רמי לוי,23,צומת גוש עציון,גוש עציון,0,31.6425423,35.15158,-13.18252877,2365
ram_024,נתניה,רמי לוי,רמי לוי,24,המחקר 3,נתניה,0,32.2927627,34.8623046,-12.83159993,2410
ram_025,מודעין ישפרו,רמי לוי,רמי לוי,25,מתחם ישפרו,מודיעין מכבים רעות,0,31.88905346,34.96044549,-13.00445678,2272
ram_026,אשדוד,רמי לוי,רמי לוי,26,היהלומים 8,אשדוד,0,31.8142964,34.6595852,-14.05973026,2429
ram_027,באר שבע,רמי לוי,רמי לוי,27,הע.ל עמק שרה,באר שבע,0,31.2332817,34.7999419,-12.96948412,2353
ram_028,עכו,רמי לוי,רמי לוי,28,בוליטמור 2,עכו,0,32.8990325,35.0914497,-12.92576468,2326
ram_029,פרדס חנה ביג,רמי לוי,רמי לוי,29,תדהר 1,פרדס חנה כרכור,0,32.4888176,34.9705182,-12.82937413,2438
ram_030,קדימה,רמי לוי,רמי לוי,30,הזרם 2,קדימה,0,32.2762888,34.9204034,-12.97901217,2278
ram_031,נתיבות,רמי לוי,רמי לוי,31,צומת בית הגדי,נתיבות,0,31.422839,34.607878,-13.02974784,2321
ram_032,נהריה,רמי לוי,רמי לוי,32,היוצרים א.ת צפוני,נהריה,0,33.0327904,35.1034588,-12.1738407,2424
ram_033,כפר סבא,רמי לוי,רמי לוי,33,גלגלי פלדה 2,כפר סבא,0,32.1728401,34.9275245,-12.79574511,2339
ram_034,פתח תקווה,רמי לוי,רמי לוי,34,הסיבים 37,פתח תקווה,0,32.0877037,34.8573341,-13.18906537,2342
ram_035,אשקלון,רמי לוי,רמי לוי,35,המתכנן 8,אשקלון,0,31.6355114,34.5528526,-12.7804829,2251
ram_036,כרמיאל,רמי לוי,רמי לוי,36,היוצרים 7,כרמיאל,2165233,32.9235,35.3080062,-12.93414476,2384
ram_037,נתניה חדש,רמי לוי,רמי לוי,37,האורזים 8,נתניה,0,32.32211824,34.87136196,-12.54975092,2288
ram_038,קרית שמונה,רמי לוי,רמי לוי,38,איזור תעשיה צפוני קרית שמונה,קרית שמונה,0,33.216187,35.587746,-13.13332726,2200
ram_040,יבנה,רמי לוי,רמי לוי,40,הקישון 9 קניון G,יבנה,0,31.885868,34.7338294,-12.96515797,2367
ram_041,רחובות,רמי לוי,רמי לוי,41,מוטי קינד 1,רחובות,7638507,31.8933542,34.7865316,-9.945057443,2321
ram_042,לוד,רמי לוי,רמי לוי,42,שד הציונות 1,לוד,7127710,31.9453029,34.8917808,-13.05693701,2089
ram_043,ראשון לציון,רמי לוי,רמי לוי,43,שד משה דיין,ראשון לציון,7565839,31.98476378,34.76957949,-12.95272597,2269
ram_044,חדרה,רמי לוי,רמי לוי,44,השלום 1,חדרה,3846201,32.4555358,34.9052124,-13.92119692,2913
ram_045,בת ים,רמי לוי,רמי לוי,45,העמל 20,בת ים,5960705,32.0045095,34.7475226,-12.8706964,2359
ram_046,רעננה,רמי לוי,רמי לוי,46,החרושת 12,רעננה,4365706,32.194741,34.8812187,-12.87790777,2337
ram_048,עטרות,רמי לוי,רמי לוי,48,קניון עטרות,ירושלים,0,31.8534787,35.2175129,-12.84955013,2283
ram_049,בית שמש,רמי לוי,רמי לוי,49,יגאל אלון 4,בית שמש,9906204,31.75601939,34.98664089,-12.84015224,2260
ram_050,חולון,רמי לוי,רמי לוי,50,תמנע 6,חולון,5881213,32.0239698,34.7983618,-12.80650173,2501
ram_053,אריאל,רמי לוי,רמי לוי,53,הבנאי 6,אריאל,0,32.1007198,35.1701331,-12.89572164,2347
ram_054,קרית גת,רמי לוי,רמי לוי,54,דרך הדרום 3 מרכז ביג,קרית גת,0,31.6038516,34.7722626,-12.96098575,2343
ram_055,רמת החייל,רמי לוי,רמי לוי,55,דבורה הנביאה 127,תל אביב יפו,8424408,32.1130943,34.8425025,-13.05010122,2456
ram_056,אשקלון צפון,רמי לוי,רמי לוי,56,צהל 99,אשקלון,0,31.6619129,34.5945205,-13.03712394,2189
ram_057,עזריאלי חיפה,רמי לוי,רמי לוי,57,משה פלימן 4,חיפה,3508416,32.7896594,34.9656482,-12.62905464,2269
ram_058,חדרה ויוה,רמי לוי,רמי לוי,58,תרנא 20,חדרה,0,32.4368339,34.9254335,-12.65611547,1666
ram_059,רמלה,רמי לוי,רמי לוי,59,שדרות הרצל 91,רמלה,7243003,31.9263512,34.876961,-13.31554942,1629
ram_061,כרמי גת,רמי לוי,רמי לוי,61,כרמי גת,קרית גת,,31.60408002,34.7722626,-12.98334902,2345
ram_062,צק פוסט,רמי לוי,רמי לוי,62,בר יהודה ישראל 111,חיפה,0,32.7705497,35.0478477,-10.2806077,2335
ram_063,ביג באר שבע החדש,רמי לוי,רמי לוי,63,דרך חברון 21,באר שבע,8424408,31.24303229,34.81441995,-13.07045296,2316
ram_064,אור עקיבא,רמי לוי,רמי לוי,64,הכרמל 1,אור עקיבא,0,32.51800223,34.91641707,-13.23144822,1929
ram_066,מגדל העמק,רמי לוי,רמי לוי,66,כפר החורש,מגדל העמק,,32.69582304,35.23156637,-13.77868591,2351
ram_068,רמי לוי יהלום נתניה,רמי לוי, רמי לוי לעסקים,68,יהלום,נתניה,0,32.32909851,34.8604469,-12.74221793,2066
ram_069,אופקים,רמי לוי,רמי לוי,69,מנחם בגין 2,אופקים,87585,31.84983762,34.84386648,-12.89250351,2270
ram_071,רמת בית שמש,רמי לוי,רמי לוי,71,שדרות נהר הירקון 38,בית שמש,0,31.7074303,34.9994121,-12.88605393,2004
ram_074,רמי לוי בית שאן,רמי לוי,רמי לוי,74,בית שאן,בית שאן,0,32.49803101,35.50451942,-13.6595288,1722
ram_700,בית הפירות פסגת זאב,רמי לוי,רמי לוי,700,הרוזמרין 33,ירושלים,0,31.7323116,35.200415,0.920771634,923
ram_703,בית הפירות פת,רמי לוי,רמי לוי,703,(כתובת לא מצוינת),ירושלים,0,31.74883394,35.1978328,-0.453758958,927
ram_704,בית הפירות בית שמש,רמי לוי,רמי לוי,704,unknown,בית שמש,0,31.74898793,34.98618402,0.501981721,1025
ram_705,בית הפירות קרית יובל,רמי לוי,רמי לוי,705,אורוגוואי 1,ירושלים,0,31.76108638,35.17548524,-0.051287552,925
ram_708,עזריאלי אור יהודה,רמי לוי,רמי לוי,708,קניון עזריאלי אור יהודה מינוס 1,אור יהודה,0,32.025119,34.858117,0.915165066,806
ram_709,שבט לוי אשדוד,רמי לוי,רמי לוי בשכונה,709,שבט לוי 14 רובע יב,אשדוד,0,31.7778244,34.636615,0.613148797,1173
ram_710,אלי כהן אשקלון,רמי לוי,רמי לוי בשכונה,710,אלי כהן 43,אשקלון,0,31.669926,34.582204,0.92111784,854
ram_711,רגר באר שבע,רמי לוי,רמי לוי בשכונה,711,יעקב כהן 12,באר שבע,0,31.254603,34.79755862,1.97813612,957
ram_713,בן גוריון גבעתיים,רמי לוי,רמי לוי בשכונה,713,בן גוריון 182,גבעתיים,0,32.0750352,34.8183712,1.079813644,1607
ram_714,מגדיאל הוד השרון,רמי לוי,רמי לוי בשכונה,714,מגדיאל 57,הוד השרון,0,32.1595098,34.90185185,0.519071832,1179
ram_715,סוקולוב הרצליה,רמי לוי,רמי לוי בשכונה,715,סוקולוב 56,הרצליה,0,32.1670426,34.846248,1.077020892,1077
ram_716,הרצל חדרה,רמי לוי,רמי לוי בשכונה,716,הרצל 27,חדרה,0,32.43738432,34.9190038,0.484465932,986
ram_718,שוויצריה סוקולוב,רמי לוי,שוויצריה הקטנה,718,סוקולוב 84,חולון,0,32.0226326,34.77825519,-0.893180037,592
ram_719,רוטשילד כפר סבא,רמי לוי,רמי לוי בשכונה,719,רוטשילד 39,כפר סבא,0,32.1743881,34.90785819,1.100462809,966
ram_720,הרטום נתניה,רמי לוי,רמי לוי בשכונה,720,הרטום 40,נתניה,0,32.3105188,34.87186989,-0.286588924,1048
ram_721,שוויצריה ויצמן נתניה,רמי לוי,שוויצריה הקטנה,721,וייצמן 14,נתניה,0,32.32987316,34.85916443,1.050458971,1459
ram_722,חטיבה תשע עפולה,רמי לוי,סופר קופיקס,722,חטיבה תשע 34,7700,0,32.61197795,35.28822137,-0.188699299,824
ram_723,רמי לוי פרדסיה,רמי לוי,רמי לוי בשכונה,723,הארז 32,פרדסיה,0,32.30571777,34.90780932,1.381172467,1001
ram_724,קניון אבנת פתח תקווה,רמי לוי,שוויצריה הקטנה,724,זבוטינסקי 72,פתח תקווה,0,32.09309438,34.8654668,0.226311648,1013
ram_725,שטמפפר פתח תקווה,רמי לוי,רמי לוי בשכונה,725,שטמפפר 37,פתח תקווה,0,32.09141466,34.88715995,1.562719016,821
ram_726,רוטשילד פתח תקווה,רמי לוי,רמי לוי בשכונה,726,רוטשילד 182,פתח תקווה,0,32.07595848,34.8854813,0.443700342,962
ram_727,קיריון קרית ביאליק,רמי לוי,רמי לוי בשכונה,727,דרך עכו 192,קרית ביאליק,0,32.8429886,35.0923142,-0.098707839,862
ram_728,שבזי ראש העין,רמי לוי,רמי לוי בשכונה,728,שבזי 12,2640,0,32.0978894,34.9409454,0.331943846,778
ram_729,קניון הבאר,רמי לוי,רמי לוי בשכונה,729,קניון הבאר,ראשון לציון,0,31.97585869,34.77402107,-9.178183391,1201
ram_730,רמי לוי רוטשילד ראשון לציון,רמי לוי,רמי לוי בשכונה,730,רוטשילד 45,ראשון לציון,0,31.96359388,34.80152143,0.628546708,1295
ram_731,ביאליק רמת גן,רמי לוי,רמי לוי בשכונה,731,ביאליק 79,רמת גן,0,32.08595115,34.81007812,0.730680771,1135
ram_732,רמי לוי אחוזה,רמי לוי,רמי לוי בשכונה,732, 83 אחוזה,רעננה,0,32.17979179,34.87857855,0.100559565,1045
ram_733,בן יהודה תל אביב,רמי לוי,רמי לוי בשכונה,733,בן יהודה 23,תל אביב,0,32.0762671,34.7679687,-0.103664693,1164
ram_734,אסתר המלכה תל אביב,רמי לוי,רמי לוי בשכונה,734,אסתר המלכה 4,תל אביב,0,32.0790473,34.7744319,0.552061736,1136
ram_735,החשמונאים תל אביב,רמי לוי,רמי לוי בשכונה,735,חשמונאים 100,תל אביב,0,32.0692075,34.786733,0.619633285,1039
ram_736,שוקן תל אביב,רמי לוי,רמי לוי בשכונה,736,שוקן 1,תל אביב,0,32.0547148,34.7722382,0.169847215,1219
ram_737,בן יהודה תל אביב,רמי לוי,רמי לוי בשכונה,737,בן יהודה 174,תל אביב,0,32.0875412,34.773397,0.406069226,811
shu_001,"שלי ת""א- בן יהודה",שופרסל,שופרסל שלי,1,בן יהודה 79,תל אביב יפו,6343504,32.0813121,34.7704048,5.187193181,2631
shu_002,שלי ירושלים- אגרון,שופרסל,שופרסל שלי,2,אגרון 1,ירושלים,942650,31.7767924,35.2201038,5.537976686,2897
shu_003,שלי גבעתיים- סירקין,שופרסל,שופרסל שלי,3,סירקין 17,גבעתיים,5325101,32.0783522,34.8154036,5.257584053,2752
shu_004,שלי חיפה- כרמל,שופרסל,שופרסל שלי,4,שד' הנשיא 124 מר,חיפה,3463305,32.80263,34.983837,5.540056859,3034
shu_005,שלי ירושלים- יובל,שופרסל,שופרסל שלי,5,אורוגאי 3,ירושלים,9670102,31.76071523,35.17664214,5.426584071,3080
shu_007,"שלי ת""א- ארלוזורוב",שופרסל,שופרסל שלי,7,ארלוזרוב 53,תל אביב יפו,6264605,32.0860627,34.7787596,5.373127631,2831
shu_009,שלי נתניה- ויצמן,שופרסל,שופרסל שלי,9,שד' ויצמן 27,נתניה,4225012,32.3314167,34.8586214,5.375369279,2800
shu_011,"שלי ת""א- נורדאו",שופרסל,שופרסל שלי,11,אבן גבירול 157,תל אביב יפו,6203719,32.09158151,34.78255788,4.985394018,2705
shu_012,יש בני ברק- ירושלים,שופרסל,יש בשכונה,12,ירושלים  70,בני ברק,5144404,32.0830544,34.8262388,-4.61462702,1773
shu_013,יוניברס בית שמש- העליה,שופרסל,יוניברס,13,העליה 1,בית שמש,9902101,31.7526603,34.986746,-5.17822611,2786
shu_014,דיל ברנע אשקלון,שופרסל,שופרסל דיל,14,שדרות ירושלים 122,אשקלון,0,31.688549,34.572634,-3.839040516,3179
shu_015,"יש פ""ת- רוטשילד",שופרסל,יש בשכונה,15,רוטשילד 79,פתח תקווה,4947352,32.0863037,34.8822187,-4.396622262,1789
shu_017,שלי חיפה- חורב,שופרסל,שופרסל שלי,17,חורב 15,חיפה,3434119,32.7843377,34.9870127,5.703956126,3119
shu_018,דיל חולון-קרן היסוד,שופרסל,שופרסל דיל,18,קרן היסוד 1 ק.שר,חולון,5848930,32.0082068,34.7912443,-3.799558103,3184
shu_019,שלי חיפה- זיו,שופרסל,שופרסל שלי,19,כצנלסון/מנדל 67,חיפה,3276617,32.780465,35.017019,5.289981385,2864
shu_020,שלי רחובות- הרצל,שופרסל,שופרסל שלי,20,הרצל 183,רחובות,7626902,31.8989977,34.8099711,5.213067274,2945
shu_021,יש מרים ירושלים-  פארן,שופרסל,יש בשכונה,21,פארן 7 רמת אשכול,ירושלים,9780209,31.8006054,35.228641,-4.743314204,1651
shu_022,שלי נתניה- סמילנסקי,שופרסל,שופרסל שלי,22,סמילנסקי 13,נתניה,4243111,32.3272194,34.8550823,5.09079252,2853
shu_023,שלי מיתר,שופרסל,שופרסל שלי,23,מרכז מסחרי מיתר,מיתר,8502500,31.327465,34.9391288,5.522228449,2943
shu_024,שלי אשדוד- הנביאים,שופרסל,שופרסל שלי,24,הנביאים 3 רובע י,אשדוד,7747303,31.7835101,34.6474636,5.471401564,2844
shu_027,שלי רעננה- אחוזה,שופרסל,שופרסל שלי,27,אחוזה 82,רעננה,4320945,32.1797063,34.8791798,6.887666206,3096
shu_028,"שלי ת""א- צה""ל",שופרסל,שופרסל שלי,28,"צה""ל 71, מרכ",תל אביב יפו,6935139,32.1227143,34.8295488,6.747419167,3392
shu_029,אקספרס האודם חריש,שופרסל,שופרסל אקספרס,29,האודם,חריש,0,32.46726065,35.04149303,10.22915922,2317
shu_030,שלי רמת גן- קריניצי,שופרסל,שופרסל שלי,30,יוסף ספיר 9,רמת גן,5262209,32.05577321,34.84955919,7.051509113,2976
shu_032,שלי רמת גן- קסם,שופרסל,שופרסל שלי,32,הירדן 90,רמת גן,5224701,32.061408,34.8281363,5.233861959,2724
shu_033,שלי חיפה- סטלה,שופרסל,שופרסל שלי,33,טשרניחובסקי/35,חיפה,3570323,32.7940463,34.989571,5.328327751,2869
shu_034,שלי רמת השרון- סוקולוב,שופרסל,שופרסל שלי,34,סוקולוב 48,רמת השרון,4723514,32.1436352,34.8378613,5.495960424,2865
shu_035,יוניברס באר שבע וולפסון,שופרסל,יוניברס,35,רח' וולפסון 13,באר שבע,8489721,31.2220096,34.8034019,-5.355371154,2755
shu_036,"שלי כ""ס- רוטשילד",שופרסל,שופרסל שלי,36,רוטשילד 65,כפר סבא,4420131,32.1737383,34.9080277,5.341904195,2733
shu_038,שלי חיפה- דניה,שופרסל,שופרסל שלי,38,ליבריה 2 דניה,חיפה,3491370,32.768007,35.005274,5.101910159,2594
shu_039,"שלי ת""א- ברזיל",שופרסל,שופרסל שלי,39,ברזיל 15,תל אביב יפו,6946025,32.11181132,34.79633705,5.610980719,3243
shu_040,"שלי ב""ש- עומר",שופרסל,שופרסל שלי,40,רותם מרכ מסחרי ע,עומר,8496500,31.264479,34.8505942,6.643848629,3193
shu_042,שלי ירושלים- ניות,שופרסל,שופרסל שלי,42,בורלא 1 שכ.ניות,ירושלים,9371401,31.768303,35.202846,5.71935262,2906
shu_043,שלי הוד השרון- הבנים,שופרסל,שופרסל שלי,43,הבנים 12,הוד השרון,4526814,32.156077,34.8922831,5.385107029,2905
shu_045,דיל ירושלים- תלפיות,שופרסל,שופרסל דיל,45,פייר קניג 35,ירושלים,9346943,31.75375704,35.21500114,-3.742507148,3337
shu_049,"דיל ב""ש- הר בוקר",שופרסל,שופרסל דיל,49,הר בוקר  17,באר שבע,8489819,31.2726101,34.8105409,-4.055861885,2839
shu_050,שלי מבשרת ציון,שופרסל,שופרסל שלי,50,שלום 75 שכונה ג,מבשרת ציון,9071425,31.8041219,35.1551013,5.159021699,2845
shu_051,אקספרס הרצליה,שופרסל,שופרסל אקספרס,51,צמרות 2,הרצליה,0,32.162413,34.844675,12.31805582,2381
shu_056,אקספרס  חריש הרימון,שופרסל,שופרסל אקספרס,56,האורן 47,חריש,0,32.45915974,35.04421448,12.44015229,2766
shu_057,שלי רמת השרון- אוסישקין,שופרסל,שופרסל שלי,57,אוסישקין 5,רמת השרון,4721005,32.1384018,34.8413326,4.992266761,2877
shu_061,אקספרס צור משה,שופרסל,שופרסל אקספרס,61,הערבה,צור משה,,32.2999732,34.9104653,11.55822662,2866
shu_062,יש חסד רכסים,שופרסל,יש חסד,62,הכלניות 49,רכסים,0,32.7547372,35.1034611,-14.65935314,1715
shu_065,"דיל ב""ש- צ'ורלי",שופרסל,שופרסל דיל,65,אורגים פינת ב.ג,באר שבע,84105,31.2539529,34.8148199,-4.243132912,2673
shu_068,דיל כורדני,שופרסל,שופרסל דיל,68,ירושלים 1,קרית מוצקין,0,32.85908331,35.09283768,-3.840262235,3243
shu_069,"שלי ת""א- רמת אביב ב",שופרסל,שופרסל שלי,69,טאגור 38,תל אביב יפו,6920340,32.107476,34.795951,5.693744045,3181
shu_070,שלי רמת גן-מרום נווה,שופרסל,שופרסל שלי,70,"תרצה 19 ר""ג",רמת גן,5236431,32.071648,34.830577,5.66102294,3222
shu_071,יוניברס תל חנן  נשר,שופרסל,יוניברס,71,בר יהודה 147,נשר,3688306,32.7804467,35.0380194,-5.042685856,2840
shu_072,שלי רעות,שופרסל,שופרסל שלי,72,חבל מודיעין,מודיעין מכבים רעות,71908,31.88712743,35.01852312,5.568860516,3165
shu_073,יש חסד אשדוד,שופרסל,יש חסד,73,חנה סנש 9,אשדוד,7747303,31.7998277,34.6623938,-14.4111571,1862
shu_076,דיל אריאל,שופרסל,שופרסל דיל,76,רח' מוריה,אריאל,0,32.1023558,35.2061426,-3.939459283,3166
shu_077,דיל  חריש,שופרסל,שופרסל דיל,77,דרך ארץ,חריש,0,32.4707557,35.03926815,-4.235071054,2690
shu_078,יש הר נוף ירושלים-שאולזו,שופרסל,יש בשכונה,78,שאולזון 56,ירושלים,9540057,31.7861401,35.1737005,-4.035569406,1581
shu_079,אקספרס חריש,שופרסל,שופרסל אקספרס,79,נחשול 30,חריש,3786100,32.46256033,35.04657581,11.82107382,2332
shu_080,"שלי ראשל""צ- נווה הדרים",שופרסל,שופרסל שלי,80,ברנשטיין 2,ראשון לציון,7550302,31.960039,34.817174,5.631156896,2830
shu_081,יש חסד מודיעין עלית דרום,שופרסל,יש חסד,81,שערי תשובה 3,מודיעין עילית,0,31.92732671,35.03835288,-14.48563738,1708
shu_082,אקספרס חולון,שופרסל,שופרסל אקספרס,82,שמריהו לוין 2,חולון,0,32.0180655,34.7706369,12.26201751,3012
shu_083,"דיל ב""ש- שאול המלך",שופרסל,שופרסל דיל,83,קניון שאול המלך,באר שבע,8446811,31.2621396,34.776395,-4.197050933,2803
shu_084,אקספרס בית חשמונאי,שופרסל,שופרסל אקספרס,84,אקספרס בית חשמונאי,ביתחשמונאי,0,31.889624,34.9173131,12.03312159,2314
shu_087,דיל רעננה- החרושת,שופרסל,שופרסל דיל,87,החרושת 8,רעננה,4365704,32.1931117,34.8816089,-3.980175481,3218
shu_089,דיל עזריאלי - רמלה,שופרסל,שופרסל דיל,89,שמשון הגיבור 32,רמלה,72500,31.9257367,34.8638844,-3.984193401,2877
shu_090,אקספרס גב ים באר שבע,שופרסל,שופרסל אקספרס,90,האנרגיה 77,באר שבע,0,31.2636026,34.8112207,12.28794358,2082
shu_091,יוניברס עמק חפר- אזור תעשיה,שופרסל,יוניברס,91,א.ת. עמק חפר,חדרה,3877701,32.4013889,34.9019444,-5.121427255,2697
shu_092,דיל אשדוד- שבט לוי,שופרסל,שופרסל דיל,92,שבט לוי 12,אשדוד,0,31.778083,34.6356393,-4.013549066,2829
shu_093,שלי יהוד- סביונים,שופרסל,שופרסל שלי,93,דרך משה דיין 7,יהוד מונוסון,5645001,32.0303568,34.8782129,5.297987758,2714
shu_095,דיל חדרה- קניון אורות,שופרסל,שופרסל דיל,95,1ניון אורות,אור עקיבא,3060000,32.501976,34.9270172,-3.823388366,3164
shu_096,דיל חדרה- הפרדס,שופרסל,שופרסל דיל,96,קניון גני הדרים,חדרה,3849207,32.41586814,34.95187904,-4.253338988,2624
shu_097,דיל קרית שמונה- מתחם ביג,שופרסל,שופרסל דיל,97,מתחם ביג,קרית שמונה,1162401,33.1916998,35.5707447,-4.186384337,3108
shu_098,דיל קרית טבעון- אלונים,שופרסל,שופרסל דיל,98,חוצות אלונים,טבעון,3604701,32.7146161,35.1252205,-4.140952409,3027
shu_101,שלי הוד השרון- ק מרגלית,שופרסל,שופרסל שלי,101,נחליאלי 2,הוד השרון,4535502,32.14339428,34.89209508,5.578115638,2950
shu_102,שלי פרדסיה- הנשיא,שופרסל,שופרסל שלי,102,הנשיא 1 צ.פרדסיה,פרדסיה,4281500,32.3044377,34.903248,6.56580615,3445
shu_103,שלי שוהם- מרכז מסחרי,שופרסל,שופרסל שלי,103,מרכז מסחרי,שוהם,6083530,31.9991264,34.9472744,5.385129957,2959
shu_104,"שלי פ""ת- גד מכנס",שופרסל,שופרסל שלי,104,רוטשילד 180,פתח תקווה,9435700,32.077118,34.886727,5.120701415,2530
shu_105,"דיל פ""ת- אליעזר פרדימן",שופרסל,שופרסל דיל,105,אליעזר פרידמן 9,פתח תקווה,4941916,32.0798866,34.9023987,-4.403469409,3094
shu_106,יוניברס נס ציונה - הפטיש,שופרסל,יוניברס,106,"הפטיש 8,א.ת.",נס ציונה,7404730,31.9218546,34.7928326,-5.081430248,2772
shu_109,שלי ראש העין- ז'בוטינסקי,שופרסל,שופרסל שלי,109,גבעת טל,ראש העין,4857301,32.0925903,34.9662017,5.736519921,3082
shu_110,"דיל הפארק ב""ש",שופרסל,שופרסל דיל,110,20 נחל פרת,באר שבע,,31.2307493,34.8230902,-4.086031126,2766
shu_111,יש חסד טבריה עלית-לב האג,שופרסל,יש חסד,111,לב האגם 10,טבריה,14431,32.7795991,35.5169531,-14.54251974,1675
shu_113,"דיל ראשל""צ- גולדה מאיר",שופרסל,שופרסל דיל,113,גולדה מאיר 1,ראשון לציון,7549050,31.967552,34.7852707,-4.092881201,3009
shu_114,דילירושלים- גילה,שופרסל,שופרסל דיל,114,צביה ויצחק 17,ירושלים,9384014,31.73148,35.186812,-4.049644278,3296
shu_116,שלי גבעתיים- מכתש,שופרסל,שופרסל שלי,116,בורוכוב 54,גבעתיים,5322205,32.07962236,34.80999527,5.518151889,2864
shu_117,שלי תל אביב-איכילוב,שופרסל,שופרסל שלי,117,ויצמן 6,תל אביב יפו,6423914,32.0806699,34.7901386,5.501459341,2855
shu_119,דיל מודיעין- סנטר,שופרסל,שופרסל דיל,119,צאלון   21,מודיעין מכבים רעות,0,31.9060575,35.0171739,-4.179181071,2687
shu_121,יוניברס נהריה- לוחמי הגטאות,שופרסל,יוניברס,121,לוחמי הגטאות 36,נהריה,2244744,33.0011199,35.0969806,-5.020893176,3312
shu_122,דיל יבנה- ברוש דרך הים,שופרסל,שופרסל דיל,122,דרך הים 3,יבנה,8157014,31.8643673,34.7264833,-3.919383654,3261
shu_123,דיל חולון- גולדה,שופרסל,שופרסל דיל,123,גולדה מאיר  7,חולון,5839101,32.0128283,34.7790294,-4.059217401,3148
shu_124,יוניברס בת ים- אורט ישראל,שופרסל,יוניברס,124,אורט ישראל 25,בת ים,5959036,32.00892,34.746448,-5.148017244,3308
shu_127,אקספרס טירת הכרמל,שופרסל,שופרסל אקספרס,127,הדולפין 1,טירת הכרמל,0,32.762127,34.97298,11.48421136,2075
shu_128,יוניברס טירת הכרמל- נחום חת,שופרסל,יוניברס,128,נחום חת 5,טירת הכרמל,35085,32.7830105,34.9601418,-5.211199697,2740
shu_129,יוניברס נתניה- המלאכה,שופרסל,יוניברס,129,רח' המלאכה 32,נתניה,4250567,32.28540285,34.86042387,-5.433085283,2646
shu_130,דיל נתניה- קלאוזנר עמליה,שופרסל,שופרסל דיל,130,קלאוזנר 1,נתניה,0,32.30877747,34.87571524,-4.125486835,2925
shu_131,אקספרס הוד השרון,שופרסל,שופרסל אקספרס,131,סוקולוב 37,הוד השרון,0,32.16571226,34.90176208,11.82084879,2195
shu_133,"יש חסד ביתר עילית-  הר""ן",שופרסל,יש חסד,133,"הר""ן 6 פינת פנים המאירים",ביתר עילית,9056506,31.7043471,35.1175965,-14.78274784,1661
shu_134,יוניברס מודיעין- ישפרו סנטר,שופרסל,יוניברס,134,ישפרו סנטר,מודיעין מכבים רעות,0,31.889991,34.96250671,-5.343287214,2693
shu_135,יוניברס אשקלון- פאור סנטר,שופרסל,יוניברס,135,צומת כפר סילבר,אשקלון,7929500,31.6748007,34.6060214,-5.229319398,2724
shu_139,דיל צפת-  דובק ויצמן,שופרסל,שופרסל דיל,139,ויצמן 20,צפת,1321736,32.9576669,35.4979823,-3.858008427,3194
shu_140,אקספרס תל חי,שופרסל,שופרסל אקספרס,140,תל חי 40,תל אביב יפו,0,32.07699716,34.77626704,12.00846608,2228
shu_141,דיל יוקנעם- שדרות רבין,שופרסל,שופרסל דיל,141,שדרות רבין 9,יקנעם,2060000,32.6424195,35.0924242,-3.787669752,3270
shu_142,דיל זכרון- המייסדים,שופרסל,שופרסל דיל,142,המייסדים,זכרון יעקב,3095067,32.5730214,34.9540304,-4.05805965,3257
shu_144,דיל שבירו כפר סבא,שופרסל,שופרסל דיל,144,רפפורט 6,כפר סבא,,32.1920475,34.8916444,-4.375611929,2600
shu_147,אקספרס זכרון,שופרסל,שופרסל אקספרס,147,ההנפה,זכרון יעקב,0,32.5686035,34.9551162,11.75785774,2638
shu_148,אקספרסמלצר רחובות,שופרסל,שופרסל אקספרס,148,מלצר 20,רחובות,0,31.90295469,34.8266794,12.52837636,2245
shu_150,"אקספרס רודנסקי ת""א",שופרסל,שופרסל אקספרס,150,רודנסקי 5,תל אביב יפו,,32.1206979,34.7927823,11.18885799,2364
shu_151,דיל רעננה- קניון רננים,שופרסל,שופרסל דיל,151,רח.המלאכה 2,רעננה,4366101,32.1974692,34.8791319,-4.322844236,2645
shu_152,דיל ערד- ישפרו המנוף,שופרסל,שופרסל דיל,152,המנוף 7,ערד,8909460,31.2482662,35.1958045,-4.038060268,3019
shu_153,דיל אופקים- ז'בוטינסקי,שופרסל,שופרסל דיל,153,זבוטינסקי 25,אופקים,8759908,31.3182278,34.6253776,-4.039884449,3058
shu_155,דיל צור יגאל- מרכז מסחרי,שופרסל,שופרסל דיל,155,מרכז מסחרי,צור יגאל,4486400,32.2189326,34.9815343,-4.216580945,2699
shu_159,דיל רמת הנשיא חיפה,שופרסל,שופרסל דיל,159,שלמה המלך 55,חיפה,0,32.8124983,34.9608358,-4.004674611,3074
shu_163,דיל שדרות- הפלדה,שופרסל,שופרסל דיל,163,הפלדה קניון אחים,שדרות,80100,31.5207301,34.594066,-3.749854501,3144
shu_164,שלי רמת גן- ביאליק,שופרסל,שופרסל שלי,164,רח. ביאליק 76,רמת גן,5244136,32.0857925,34.8115272,6.71749381,3264
shu_166,יוניברס אקסטרה  אשדוד- הבושם,שופרסל,יוניברס,166,הבושם 7 א.ת. קלה,אשדוד,7761007,31.8180465,34.6622085,-5.25263301,2744
shu_168,שלי אשדוד- כינרת,שופרסל,שופרסל שלי,168,"שכונת י""א כנרת",אשדוד,7770071,31.7844314,34.6340866,6.96622601,3577
shu_169,אקספרס באר שבע,שופרסל,שופרסל אקספרס,169,אפרים לרון 20,באר שבע,0,31.2311083,34.76719617,12.19706998,2818
shu_171,אקספרס אוסטשינסקי,שופרסל,שופרסל אקספרס,171,אוסטשינסקי 15,כפר סבא,0,32.1722128,34.9043166,12.04112911,2584
shu_173,דיל כפר יונה,שופרסל,שופרסל דיל,173,נעמישמר,כפר יונה,0,32.320644,34.93599,-3.942771054,3149
shu_174,דיל ערד- קניון,שופרסל,שופרסל דיל,174,הקנאים 29,ערד,8902342,31.2597999,35.2088394,-3.559957435,3266
shu_176,שערי רווחה ירושלים,שופרסל,שערי רווחה,176,לואיס ברנדס 3,ירושלים,,31.79217,35.2099448,-13.12282999,1678
shu_177,דיל מצפה רמון- בן גוריון,שופרסל,שופרסל דיל,177,מרכז מסחרי,מצפה רמון,8060000,30.612762,34.802429,-4.170389788,2624
shu_179,"שופרסל אקספרס הרוא""ה רמת גן",שופרסל,שופרסל אקספרס,179,"רח' הרוא""ה 152",רמת גן,,32.07436036,34.82492058,11.86731531,2496
shu_180,דיל ק.מוצקין- בן גוריון,שופרסל,שופרסל דיל,180,שד' בן גוריון 84,קרית מוצקין,2642439,32.8406715,35.0804138,-4.280252455,2694
shu_181,דיל אשקלון- רמז,שופרסל,שופרסל דיל,181,דוד רמז 39,אשקלון,7853339,31.668009,34.5827367,-3.798945946,3316
shu_182,יוניברס דימונה- גולדה מאיר,שופרסל,יוניברס,182,גולדה מאיר 1,דימונה,86000,31.074295,35.032371,-4.962511903,3341
shu_183,דיל אשדוד- הרצל,שופרסל,שופרסל דיל,183,1 רח' הרצל,אשדוד,7745401,31.7936909,34.6408942,-4.154517769,3124
shu_184,"דיל ראשל""צ- זבוטינסקי",שופרסל,שופרסל דיל,184,זבוטינסקי 16,ראשון לציון,,31.9615072,34.800662,-3.972008432,2934
shu_186,אקספרס התשבי,שופרסל,שופרסל אקספרס,186,התשבי 9,חיפה,0,32.8160125,34.9778335,11.35675564,1941
shu_187,דיל קניון מעלה אדומים,שופרסל,שופרסל דיל,187,דרך קדם 5,מעלה אדומים,0,31.77153522,35.29840181,-3.881224534,3339
shu_188,דיל ירוחם- צבי בורנשטיין,שופרסל,שופרסל דיל,188,צבי בורנשטין,ירוחם,8050000,30.9883432,34.9272665,-4.089546609,2703
shu_189,דיל פרדס חנה,שופרסל,שופרסל דיל,189,14 רחוב הבנים,פרדס חנה כרכור,0,32.4728028,34.9742001,-4.08335523,3046
shu_190,דיל חצור- הגלילית,שופרסל,שופרסל דיל,190,קניון גליל עליון,חצור,1030000,32.9813889,35.5561111,-3.948576461,3071
shu_193,"שלי ראשל""צ- מזרח",שופרסל,שופרסל שלי,193,שד' יעקב 50,ראשון לציון,7550903,31.9590813,34.8020886,5.310273114,2623
shu_195,יוניברס קריון- דרך עכו,שופרסל,יוניברס,195,דרך עכו  192,קרית ביאליק,2723211,32.84276982,35.09225065,-5.12308698,2754
shu_199,דיל בת ים- בלפור,שופרסל,שופרסל דיל,199,בלפור 25,בת ים,0,32.0290122,34.745195,-3.573431952,2728
shu_203,יוניברס רמלה לוד- הצופית,שופרסל,יוניברס,203,הצופית 40,רמלה,0,31.932199,34.8890965,-4.833822354,3437
shu_205,יוניברס יהוד- אלטלף,שופרסל,יוניברס,205,אלטלף 4 א.ת יהוד,יהוד מונוסון,5621604,32.0257949,34.9009857,-5.312466682,2646
shu_207,יש אור יהודה - אליהו סעדו,שופרסל,יש בשכונה,207,אליהו סעדון 128,אור יהודה,6039727,32.0257793,34.859212,-4.688231214,1471
shu_209,דיל אשקלון- רוטשילד,שופרסל,שופרסל דיל,209,אדמונד רוטשילד 8,אשקלון,7822602,31.68785387,34.57894651,-4.397796248,2582
shu_210,"יוניברס ראשל""צ- שמוטקין",שופרסל,יוניברס,210,שמוטקין 30,ראשון לציון,7536333,31.9764175,34.8121871,-5.093029901,2737
shu_211,יוניברס כרמיאל- אזור התעשיה,שופרסל,יוניברס,211,א.ת חוצות כרמיאל,כרמיאל,2165006,32.9290162,35.32564143,-5.406951558,2703
shu_212,שלי חיפה- ורדיה,שופרסל,שופרסל שלי,212,ורדיה 10,חיפה,3465710,32.7949865,34.9963889,6.518234838,3210
shu_214,יוניברס קרית גת- מלכי ישראל,שופרסל,יוניברס,214,מלכי ישראל 178,קרית גת,8205002,31.60349333,34.75683013,-5.112297639,2710
shu_215,דיל בית שאן-ירושלים הבירה,שופרסל,שופרסל דיל,215,ירושלים הבירה,בית שאן,10900,32.4953548,35.4972484,-4.202659146,2734
shu_216,שלי הוד השרון,שופרסל,שופרסל שלי,216,2 הנשיאים,הוד השרון,0,32.16455867,34.90719852,6.620400894,3120
shu_218,יוניברס עפולה- יצחק רבין,שופרסל,יוניברס,218,שד' יצחק רבין 5,עפולה,1834171,32.6229362,35.3154373,-4.989306031,3392
shu_219,יש חסד בני ברק- עזרא,שופרסל,יש חסד,219,עזרה בני ברק,בני ברק,5155103,32.07937036,34.83843575,-14.42214535,1806
shu_222,"דיל רמות ב""ש ב'",שופרסל,שופרסל דיל,222,הערים התאומות 28,באר שבע,,31.2822648,34.8004793,-3.786834496,3203
shu_224,"אקספרס ראשל""צ-נווה דקלים",שופרסל,שופרסל אקספרס,224,נווה דקלים 44,ראשון לציון,,31.9793122,34.7610407,11.98956304,2031
shu_226,דיל כרמיאל,שופרסל,שופרסל דיל,226,ההגנה 2,כרמיאל,0,32.90512387,35.28161973,-4.128690083,2805
shu_227,דיל-איקאה קרית אתא,שופרסל,שופרסל דיל,227,דרך חיפה 52,קרית אתא,0,32.808657,35.075575,-3.757982145,3347
shu_228,שלי בנימינה - הגביע,שופרסל,שופרסל שלי,228,הגביע 1,בנימינה,3056601,32.5175279,34.9403751,6.569055648,3098
shu_229,"דיל ת""א- יגאל אלון",שופרסל,שופרסל דיל,229,יגאל אלון 76,תל אביב יפו,6706701,32.0654728,34.793731,-3.962730582,3211
shu_230,"שלי כ""ס- ויצמן",שופרסל,שופרסל שלי,230,ויצמן 29,כפר סבא,4435227,32.1744564,34.9117835,6.450207186,2652
shu_231,אקספרס רעננה- רבקה גרובר,שופרסל,שופרסל אקספרס,231,רבקה גובר  7,רעננה,0,32.1939468,34.8503227,11.31931964,2260
shu_232,שלי צפת- מ.מסחר רמת רזים,שופרסל,שופרסל שלי,232,מרכז מסחרי רמת,צפת,1341219,32.9580793,35.498291,6.61916526,3078
shu_234,יש חסד רסידו,שופרסל,יש חסד,234,נהר הירדן,בית שמש,9902101,31.7363907,34.9929427,-14.38830314,1427
shu_238,דיל באר יעקב,שופרסל,שופרסל דיל,238,רח' שא - נס 17,באר יעקב,0,31.94197637,34.83391427,-4.057996366,2866
shu_239,אקספרס יפו- הדרור,שופרסל,שופרסל אקספרס,239,הדרור 2,תל אביב יפו,0,32.05108468,34.75386768,11.92542156,1924
shu_240,דיל רהט,שופרסל,שופרסל דיל,240,מרכז מסחרי רהט,רהט,8535700,31.39467,34.7538711,-2.720637989,3209
shu_241,יוניברס בני ברק איילון,שופרסל,יוניברס,241,"הלח""י 28",בני ברק,5120045,32.10297958,34.83670993,-5.12204734,2748
shu_244,יוניברס גלילות רמתהשרון,שופרסל,יוניברס,244,צומת גלילות,רמת השרון,47100,32.1464078,34.8041896,-5.360365354,2695
shu_245,דיל ירושלים- פסגת זאב,שופרסל,שופרסל דיל,245,שד' משה דין 106,ירושלים,9783701,31.82433568,35.23726817,-4.215839099,2687
shu_247,שלי חולון- רבינוביץ,שופרסל,שופרסל שלי,247,רבינוביץ 58,חולון,5867256,31.9970439,34.773446,6.937260349,3511
shu_248,"דיל ב""ש- נווה מנחם",שופרסל,שופרסל דיל,248,החשמונאים 15,באר שבע,8452015,31.26761,34.760164,-3.842218724,3147
shu_249,דיל נתניה- פולג,שופרסל,שופרסל דיל,249,גיבורי ישראל 5,נתניה,4250409,32.321458,34.853196,-4.278969663,2677
shu_250,קריית שמונה,שופרסל,שופרסל דיל,250,"צומת המצודות, קריית שמונה",קרית שמונה,1162401,33.2229782,35.576867,-4.040711611,3083
shu_251,יוניברס עפולה- כורש,שופרסל,יוניברס,251,כורש 5,עפולה,1831007,32.6099152,35.2937306,-4.97439768,3292
shu_254,דיל כרמי גת,שופרסל,שופרסל דיל,254,1 אבני חושן,קרית גת,0,31.62500034,34.77613711,-3.620691111,3502
shu_255,דיל כפר תבור,שופרסל,שופרסל דיל,255,4 רחוב הבזלת,כפר תבור,0,32.6949958,35.4186058,-3.999900876,2705
shu_259,"יוניברס גזית כ""ס- ויצמן",שופרסל,יוניברס,259,ויצמן 300 מתחם G,כפר סבא,4439656,32.1725965,34.9295905,-5.383803408,2673
shu_260,דיל ירושלים-קניון תלפיות,שופרסל,שופרסל דיל,260,האומן 17,ירושלים,9342111,31.75080622,35.20910449,-3.942951485,3265
shu_262,שלי מזכרת בתיה- בגין,שופרסל,שופרסל שלי,262,שד' מנחם בגין 2,מזכרת בתיה,7680400,31.8501486,34.8405332,5.141567896,2593
shu_263,שופרסל אקספרס מקס ברוד,שופרסל,שופרסל אקספרס,263,רח' מקס ברוד 34,תל אביב יפו,0,32.1269193,34.8299441,11.38207538,2618
shu_265,אקספרס חולון - זלמן ארן,שופרסל,שופרסל אקספרס,265,זלמן ארן 1,חולון,0,32.0202794,34.7679239,11.44141859,1905
shu_267,דיל קצרין- חרמון,שופרסל,שופרסל דיל,267,חרמון 7 א ת.,קצרין,1290000,32.99083,35.7086193,-3.769876608,3180
shu_269,"יוניברס פ""ת- סגולה",שופרסל,יוניברס,269,הרב מסעוד אשר20א,פתח תקווה,4900519,32.0999994,34.8951845,-5.148687432,2781
shu_271,שלירחובות- יעקובי,שופרסל,שופרסל שלי,271,פנחס יעקובי 1,רחובות,0,31.8820899,34.8147164,6.569712921,3660
shu_272,שלי גבעתיים- ויצמן,שופרסל,שופרסל שלי,272,ויצמן 20,גבעתיים,5339005,32.0741055,34.8083823,5.227678524,2662
shu_274,"אקספרס ת""א- פלורנטין",שופרסל,שופרסל אקספרס,274,פלורנטין 27,תל אביב יפו,,32.0562844,34.7697156,12.00048247,2492
shu_276,"יוניברס אמט""ל רחובות",שופרסל,יוניברס,276,רח משה יתום  46,רחובות,76396,31.89210227,34.7897242,-5.23632442,2729
shu_277,אקספרס.בני בנימין הרצליה,שופרסל,שופרסל אקספרס,277,בני בנימין 23,הרצליה,,32.1722076,34.8405805,11.68261022,2535
shu_278,"שלי פ""ת -העצמאות",שופרסל,שופרסל שלי,278,העצמאות 65,פתח תקווה,4937999,32.074364,34.8696498,5.156249222,2754
shu_279,"אקספרס-ת""א דרויאנוב",שופרסל,שופרסל אקספרס,279,רח' דרויאנוב 5,תל אביב יפו,,32.076927,34.771436,12.03472591,2504
shu_281,דיל מגדל העמק- המדע,שופרסל,שופרסל דיל,281,שד' מדע 77,מגדל העמק,0,32.67834062,35.24339289,-4.311157974,2883
shu_282,דיל צומת גבעת מרדכי,שופרסל,שופרסל דיל,282,"רח' שחר 79, ירושלים.",ירושלים,7692000,31.76628877,35.19460457,-3.960223083,3257
shu_283,"יוניברס קרית עקרון- ביל""ו",שופרסל,יוניברס,283,"מ.תדיראן,ק.עקרון",רחובות,7692000,31.861232,34.817667,-5.23146025,2614
shu_284,שלי תל מונד- הדקל,שופרסל,שופרסל שלי,284,הדקל 49,תל מונד,4060049,32.2535587,34.9180425,6.451906149,2965
shu_285,"אקספרס סוקולוב פ""ת",שופרסל,שופרסל אקספרס,285,סוקולוב 26,פתח תקווה,,32.0913108,34.8933094,11.91282759,2596
shu_287,שלי גבעתיים-שביט,שופרסל,שופרסל שלי,287,עמישב 45,גבעתיים,5348832,32.06188232,34.80641679,6.685054443,3389
shu_288,יש רחובות- סירני,שופרסל,יש בשכונה,288,חיים סרני 1,רחובות,7626902,31.8933255,34.8215304,-4.175188689,1472
shu_290,"דיל  פ""ת- יכין סנטר",שופרסל,שופרסל דיל,290,יצחק רבין 17,פתח תקווה,4951711,32.0878644,34.8597884,-3.969642466,2745
shu_295,יש חסד בני ברק-שלמה המלך,שופרסל,יש חסד,295,שלמה המלך   12,בני ברק,5155205,32.07889547,34.84055668,-14.06265911,1655
shu_296,"אקספרס פ""ת רחל המשוררת",שופרסל,שופרסל אקספרס,296,רחל המשוררת 29,פתח תקווה,,32.0841111,34.8954469,11.90886928,2426
shu_297,יוניברס חדרה- ארבע האגודות,שופרסל,יוניברס,297,ארבע אגודות 1,חדרה,3843101,32.43537405,34.90872722,-5.298912445,2680
shu_299,אקספרס הוד השרון,שופרסל,שופרסל אקספרס,299,חנקין 12,הוד השרון,0,32.15986373,34.90509874,11.67588618,2138
shu_300,יש חסד בארות יצחק- פאוור,שופרסל,יש חסד,300,בארות יצחק,בארות יצחק,0,32.0468299,34.9085715,-13.95522109,1941
shu_301,אקספרס אחי מאיר,שופרסל,שופרסל אקספרס,301,1 אחי מאיר,תל אביב יפו,0,32.1253734,34.7984514,11.84301949,2832
shu_302,שלי חיפה- קלר,שופרסל,שופרסל שלי,302,קלר 7,חיפה,3448314,32.802313,34.9831698,4.911143223,2563
shu_303,אקספרס טבעון - יהודה הנשיא,שופרסל,שופרסל אקספרס,303,יהודה הנשיא,קרית טבעון,3604701,32.7146161,35.1252205,12.00348035,2821
shu_305,"אקספרסת""א- יהודה המכבי",שופרסל,שופרסל אקספרס,305,יהודה מכבי 81,תל אביב יפו,,32.094182,34.7928439,11.96023747,3026
shu_306,יש נוה שאנן חיפה- חניתה,שופרסל,יש בשכונה,306,רח' חניתה 64,חיפה,3244411,32.7900282,35.0136973,-4.556435224,1622
shu_307,יש קרית אתא- זבולון,שופרסל,יש בשכונה,307,רח.זבולון 4,קרית אתא,2806007,32.805805,35.1030579,-4.577509093,1608
shu_308,שלי קרית אתא- איינשטין,שופרסל,שופרסל שלי,308,איינשטיין 20,קרית אתא,2805152,32.809144,35.119773,6.671844814,3132
shu_310,שלי קרית חיים- דגניה,שופרסל,שופרסל שלי,310,ד.דגניה 14,קרית חיים,2621019,32.8287419,35.0601773,6.520003407,2504
shu_311,אקספרס רחובות- בוסתנאי,שופרסל,שופרסל אקספרס,311,בוסתנאי 14,רחובות,0,31.9035165,34.8122607,12.17693888,2298
shu_312,דיל חיפה- קרית אליעזר,שופרסל,שופרסל דיל,312,ככר מאירהוף,חיפה,35154,32.827336,34.982659,-3.895035248,3261
shu_313,"שלי קרית חיים-אח""י אילת",שופרסל,שופרסל שלי,313,"שד.אח""י אילת 20",קרית חיים,2626907,32.821635,35.069351,6.926747654,3399
shu_314,יש חיפה- צרפת,שופרסל,יש בשכונה,314,דרך צרפת 11,חיפה,3559602,32.8204746,34.9593184,-4.616227725,1390
shu_315,אקספרס כפר נטר,שופרסל,שופרסל אקספרס,315,ההדרים 17,כפר נטר,0,32.2735829,34.8740584,12.04256212,2327
shu_316,דיל קרית מוצקין-שד ויצמן,שופרסל,שופרסל דיל,316,ד.ויצמן 1,קרית מוצקין,2635101,32.8334852,35.0738389,-4.063809884,2775
shu_317,אקספרס גבעת עדה,שופרסל,שופרסל אקספרס,317,חי 67,גבעת עדה,0,32.5172326,35.0065338,11.7356645,2360
shu_318,אקספרס חולון - וולפסון,שופרסל,שופרסל אקספרס,318,הלוחמים 62,חולון,0,32.0362056,34.7620058,11.71877484,2098
shu_319,שלי עכו- שפירא,שופרסל,שופרסל שלי,319,רח.משה שפירא 28,עכו,2440929,32.933052,35.082678,7.104898432,3297
shu_320,דיל האגס,שופרסל,שופרסל דיל,320,מנגו 2,אשדוד,,31.77124392,34.63870361,-4.295382701,2692
shu_325,אקספרס ששת הימים נס ציונ,שופרסל,שופרסל אקספרס,325,ששת הימים 1,נס ציונה,0,31.936063,34.7964159,11.85064788,2761
shu_326,שלי נהריה- הגעתון,שופרסל,שופרסל שלי,326,רח.הרצל-שד.הגעתו,נהריה,2240029,33.0067252,35.0964972,5.165108327,2635
shu_327,אקספרס חיפה- ראול ולנברג,שופרסל,שופרסל אקספרס,327,ראול וולנברג 9,חיפה,3499009,32.7797806,34.9851863,11.23006471,1873
shu_329,יש  יוקנעם עילית- היובלים,שופרסל,יש בשכונה,329,מ.מסחרי יקנעם על,יוקנעם,20692,32.660225,35.104606,-5.26741679,1466
shu_330,שלי חיפה- נתיב חן,שופרסל,שופרסל שלי,330,"נתיב חן 1,נוה שא",חיפה,3224001,32.7959783,35.0099278,6.664212938,3427
shu_333,שלי חיפה- אורן,שופרסל,שופרסל שלי,333,רח.אורן 25 רוממה,חיפה,3473402,32.7848302,34.9965532,4.974441456,2459
shu_334,"אקספרס פ""ת - שפירא",שופרסל,שופרסל אקספרס,334,"קק""ל 35",פתח תקווה,,32.08055875,34.88719255,12.08969326,2462
shu_335,"אקספרס כ""ס- בן גוריון",שופרסל,שופרסל אקספרס,335,בן גוריון 35,כפר סבא,,32.17279784,34.90716599,11.28077,1915
shu_336,שלי חיפה- רמות ספיר,שופרסל,שופרסל שלי,336,רח' גוט לוין 48,חיפה,3292240,32.7860722,35.0046155,5.124881087,2497
shu_338,אקספרס כוכב הצפון,שופרסל,שופרסל אקספרס,338,בוני העיר 9,תל אביב יפו,0,32.101499,34.785787,11.60429894,2798
shu_339,דיל טבריה- העמקים,שופרסל,שופרסל דיל,339,העמקים 1,טבריה,1420401,32.7892614,35.5351425,-4.098548668,3267
shu_340,"אקספרס ת""א- זריצקי",שופרסל,שופרסל אקספרס,340,זריצקי 4,תל אביב יפו,,32.1144509,34.7912523,11.63146624,2869
shu_341,"אקספרס רמת גן- הרוא""ה",שופרסל,שופרסל אקספרס,341,"הרוא""ה 131",רמת גן,,32.07923031,34.82516803,11.69138977,2778
shu_342,דיל כרמיאל- קניון לב,שופרסל,שופרסל דיל,342,מורד הגיא 100,כרמיאל,2192401,32.90821446,35.29371734,-4.081030091,2880
shu_343,שלי ראש העין- ברקן,שופרסל,שופרסל שלי,343,בזק 1 פינת ברקן,ראש העין,4863016,32.0935383,34.9738092,5.032783627,2640
shu_344,דיל מעלות- דרך האלוף עוז,שופרסל,שופרסל דיל,344,קניון כוכב הצפון,מעלות תרשיחא,21020,33.0191612,35.2829704,-3.961241238,3018
shu_347,אקספרס גדרה- דרך הפרחים,שופרסל,שופרסל אקספרס,347,דרך הפרחים 38,גדרה,0,31.80998093,34.78448505,12.2323627,2493
shu_348,"אקספרס פ""ת- קק""ל",שופרסל,שופרסל אקספרס,348,"קק""ל 2",פתח תקווה,,32.07944835,34.88294242,12.05188631,2086
shu_349,יש חסד צפת- כנען,שופרסל,יש חסד,349,הר כנען,צפת,13200,32.9715869,35.5050237,-14.42343084,1745
shu_350,דיל גבעת אולגה-הרב ניסים,שופרסל,שופרסל דיל,350,שד' ברוך בוארון1,גבעת אולגה,0,32.44041491,34.88324036,-4.042204555,2945
shu_353,אקספרס יותם,שופרסל,שופרסל אקספרס,353,יותם 20,חיפה,0,32.7924878,34.9879275,11.70488438,1746
shu_354,"'אקספרס ת""א- קינג ג'ורג",שופרסל,שופרסל אקספרס,354,קינג ג'ורג' 58,תל אביב יפו,,32.0752118,34.7763521,11.95821314,1690
shu_357,דיל צורן קדימה- לב השרון,שופרסל,שופרסל דיל,357,דרך לב השרון 422,צורן,4282300,32.2879702,34.9458451,-3.746731865,2851
shu_359,דיל חיפה- גרנד קניון,שופרסל,שופרסל דיל,359,שמחה גולן 54,חיפה,3299001,32.789635,35.0088946,-3.912704016,3264
shu_360,"אקספרס מאירוביץ ראשל""צ",שופרסל,שופרסל אקספרס,360,מאירוביץ 17,ראשון לציון,,31.9586614,34.8083768,12.28062794,2904
shu_361,דיל מגדל העמק- א ת דרומי,שופרסל,שופרסל דיל,361,אזור התעשייה ב,מגדל העמק,2353021,32.6782684,35.2433929,-4.059553297,3119
shu_362,אקספרס קרן היסוד ירושלים,שופרסל,שופרסל אקספרס,362,קרן היסוד 27,ירושלים,0,31.7734111,35.2201442,12.14850138,2195
shu_364,יש חסד בית וגן,שופרסל,יש חסד,364,1 זנגוויל,ירושלים,,31.767976,35.1789844,-14.52847452,1805
shu_365,שלי פרדס חנה כרכור- קדמה,שופרסל,שופרסל שלי,365,דרך הקידמה צמרת,פרדס חנה כרכור,3707307,32.4748111,34.9976808,6.246864359,2594
shu_366,שלי כפר ורדים- מרכז מסחר,שופרסל,שופרסל שלי,366,מרכז מסחרי כפר ו,כפר ורדים,2451700,32.9955566,35.2755959,6.208679574,2602
shu_368,אקספרס-נשר מרגנית,שופרסל,שופרסל אקספרס,368,נשר המרגנית 1,חיפה,0,32.7721793,35.045039,11.92773192,2367
shu_369,שלי שוהם- תרשיש,שופרסל,שופרסל שלי,369,עמק איילון פינת,שוהם,6080001,31.9938747,34.9458434,6.219771379,3182
shu_371,שלי ברניצקי,שופרסל,שופרסל שלי,371,נתן ברניצקי 13,ראשון לציון,0,31.9589758,34.7994432,5.732896683,2722
shu_372,אקספרס בת ים- חשמונאים,שופרסל,שופרסל אקספרס,372,החשמונאים 41,בת ים,0,32.0184307,34.7511524,10.17522343,2353
shu_374,שלי הרצליה- הבנים,שופרסל,שופרסל שלי,374,הבנים 46,הרצליה,4637948,32.1629121,34.8505207,6.620945125,2552
shu_375,"אקספרס כ""ס- הגליל",שופרסל,שופרסל אקספרס,375,הגליל 58,כפר סבא,,32.17919432,34.91882735,12.04347626,2897
shu_376,אקספרס רעננה- משה דיין,שופרסל,שופרסל אקספרס,376,משה דיין 8,רעננה,0,32.1816708,34.8630715,12.05144335,2744
shu_377,אקספרס ירושלים- הדסה,שופרסל,שופרסל אקספרס,377,בית חולים הדסה,ירושלים,0,31.766161,35.1477105,12.01226567,2209
shu_379,אקספרס גבעתיים- כצנלסון,שופרסל,שופרסל אקספרס,379,כצנלסון 19,גבעתיים,0,32.0754177,34.8037801,12.35627869,1929
shu_380,"אקספרס ת""א- מרמורק",שופרסל,שופרסל אקספרס,380,מרמורק 10,תל אביב יפו,,32.0715654,34.7798863,11.83604654,2182
shu_382,"אקספרס פ""ת- היבנר",שופרסל,שופרסל אקספרס,382,היבנר 29,פתח תקווה,,32.0801654,34.8753501,11.69808938,3001
shu_384,אקספרס קרית ביאליק,שופרסל,שופרסל אקספרס,384,שדרות ירושלים 15,קרית ביאליק,0,32.82382747,35.08145522,12.30101359,2206
shu_385,אקספרס מאיר יערי תל אביב,שופרסל,שופרסל אקספרס,385,מאיר יערי 19,תל אביב יפו,0,32.1000821,34.7888717,11.6322265,2814
shu_388,אקספרס דניה,שופרסל,שופרסל אקספרס,388,חיים הזז 5,חיפה,0,32.7669868,35.0133399,11.5950379,2712
shu_390,שופרסל אקספרס אם המושבות,שופרסל,שופרסל אקספרס,390,יעל רום 8,פתח תקווה,0,32.09828314,34.88080127,10.07939371,2295
shu_391,אקספרס אלקנה,שופרסל,שופרסל אקספרס,391,אלנקווה,אלנקווה,0,32.11140061,35.03599921,11.99129426,1966
shu_393,אקספרס להבים באר שבע,שופרסל,שופרסל אקספרס,393,שדרות הרימון,באר שבע,0,31.28682147,34.80024988,11.20068467,1891
shu_394,אקספרס הכרמל כפר סבא,שופרסל,שופרסל אקספרס,394,הגליל 31,כפר סבא,0,32.178432,34.9070416,11.98276824,2815
shu_396,דיל הקדר נתניה,שופרסל,שופרסל דיל,396,האורזים 2,נתניה,0,32.3226356,34.8734588,-3.659735771,3266
shu_397,אקספרס פארק עפולה,שופרסל,שופרסל אקספרס,397,רובע יזרעאל,עפולה,0,32.6169255,35.3088978,12.1804876,2914
shu_398,אקספרס אגמים,שופרסל,שופרסל אקספרס,398,73 עמק יזרעאל,אשקלון,,31.65122924,34.56944507,12.08801515,2546
shu_400,אקספרס שבזיראש העין,שופרסל,שופרסל אקספרס,400,שלמה שבזי 172,ראש העין,0,32.090304,34.947393,11.86978894,2399
shu_444,"אקספרס.ב""ש אביסרור",שופרסל,שופרסל אקספרס,444,רח' יעקב כהן 8,באר שבע,,31.25394168,34.79766027,11.51064001,2937
shu_445,אקספרס רחובות,שופרסל,שופרסל אקספרס,445,רח' יעקב 41,רחובות,0,31.8943652,34.8115292,12.54936396,2453
shu_448,שערי רווחה,שופרסל,שערי רווחה,448,25 ירמיהו,ירושלים,9446710,31.7919167,35.2045525,-12.59321178,1657
shu_477,אקספרס הציפורים מודיעין,שופרסל,שופרסל אקספרס,477,2 החסידה,מודיעין מכבים רעות,0,31.8960237,34.9964661,12.05377735,2482
shu_478,אקספרס גדרה,שופרסל,שופרסל אקספרס,478,דרך האילנות 41,גדרה,0,31.80472766,34.79068777,11.80578658,2036
shu_479,אקספרס בר אילן,שופרסל,שופרסל אקספרס,479,בר אילן 24,רעננה,0,32.0691989,34.8430876,11.64908853,1896
shu_489,אקספרס מודיעין,שופרסל,שופרסל אקספרס,489,26 חיים ויצמן,מודיעין מכבים רעות,0,31.90446837,34.98647625,11.68428545,2127
shu_496,יש חסד כנפי נשרים,שופרסל,יש חסד,496,כנפי נשרים 24,ירושלים,0,31.78816707,35.18643309,-14.36623381,1784
shu_499,יש חסד עפולה עילית,שופרסל,יש חסד,499,24 פנחס רוזן,עפולה,0,32.6328414,35.325233,-14.4604795,1862
shu_511,אקספרס רסקו נצרת,שופרסל,שופרסל אקספרס,511,מרכז רסקו רח' עצמון,נוף הגליל,,32.7089218,35.32491529,12.40575326,2535
shu_579,אקספרס סביון,שופרסל,שופרסל אקספרס,579,1 השיקמה,סביון,0,32.0494274,34.875514,12.06713348,3284
shu_593,יש חסד באר טוביה,שופרסל,יש חסד,593,אזור התעשייה,באר טוביה,,31.7250778,34.7480523,-14.32211316,1783
shu_595,אקספרס בת חפר,שופרסל,שופרסל אקספרס,595,שדרות עמק חפר,בת חפר,,32.335781,35.0127258,11.88406723,2915
shu_596,אקספרס אבן גבירול,שופרסל,שופרסל אקספרס,596,124 אבן גבירול,תל אביב יפו,,32.0867596,34.7825374,12.20874858,2665
shu_598,אקספרס הירדן,שופרסל,שופרסל אקספרס,598,רמת גן הירדן 29,רמת גן,0,32.06621855,34.82872184,12.45230154,3280
shu_599,אקספרס ההסתדרות,שופרסל,שופרסל אקספרס,599,27 ההסתדרות,גבעתיים,,32.0613467,34.811789,11.65239121,2479
shu_606,יש חסד בית שמש- מ. מסחרי,שופרסל,יש חסד,606,מרכז מסחרי רמה א,בית שמש,99090,31.7133116,34.9883474,-14.15383964,1689
shu_607,יש חסד מודיעין עלי-ק.ספר,שופרסל,יש חסד,607,אבני נזר 46,מודיעין עילית,0,31.93049477,35.03880259,-14.20813848,1895
shu_608,יש חסד ירושלים-קרית שאול,שופרסל,יש חסד,608,נאג'רה 2,ירושלים,0,31.78635334,35.17420437,-14.60936232,1735
shu_609,יש חסד אלעד-ניסים גאון,שופרסל,יש חסד,609,ניסים גאון 79,אלעד,0,32.052559,34.9512194,-14.43131873,1680
shu_610,יש חסד ירושלים- רמת שלמה,שופרסל,יש חסד,610,ברכת אברהם 22,ירושלים,0,31.811922,35.21672,-14.18639748,1758
shu_611,יש חסד בני ברק- השומר,שופרסל,יש חסד,611,השומר 10,בני ברק,5137705,32.08131169,34.82211207,-14.1572798,1780
shu_734,גוד מרקט גאולה חיפה,שופרסל,יש Good,734,28 גאולה,חיפה,0,32.803091,34.997742,-3.137095056,1029
shu_740,אקספרס שלמה המלך,שופרסל,שופרסל אקספרס,740,2 שלמה המלך,קרית אונו,,32.0541195,34.8592106,12.53570985,2788
shu_741,אקספרס יצחק רבין,שופרסל,שופרסל אקספרס,741,34 יצחק רבין,קרית אונו,,32.06453791,34.86149929,11.87082717,2213
shu_743,אקספרס קריית גת,שופרסל,שופרסל אקספרס,743,28 הגבורה,קרית גת,,31.6073895,34.75734011,11.86288438,1630
shu_744,אקספרס אשקלון,שופרסל,שופרסל אקספרס,744,עמק האלה 2,אשקלון,7888945,31.64801247,34.56171775,12.48949613,1482
shu_750,גוד מרקט שירת הים,שופרסל,יש Good,750,10 שירת הים,ירושלים,,31.817648,35.2002417,-4.221303692,1057
shu_752,אקספרס כפר סבא דוכיפת,שופרסל,שופרסל אקספרס,752,5 דוכיפת,כפר סבא,0,32.18498596,34.9293547,12.0360904,2273
shu_753,"גוד מרקט רש""י ירושלים",שופרסל,יש Good,753,"53 רש""י",ירושלים,,31.7877827,35.2126548,-3.354756135,908
shu_756,שלי באר יעקב,שופרסל,שופרסל שלי,756,17 יצחק שמיר,באר יעקב,0,,,6.964054777,3037
shu_757,אקספרס קריית אונו,שופרסל,שופרסל אקספרס,757,2 יצחק נבון,קרית אונו,0,32.0657036,34.8475653,12.46796293,2129
shu_760,שלי ראש העין,שופרסל,שופרסל שלי,760,מורטן מונדל 3,ראש העין,48580,32.08022609,34.97969351,7.085696415,3589
shu_765,יש חסד בן איש חי,שופרסל,יש חסד,765,43 בן איש חי,בית שמש,,31.747513,35.000494,-15.00572024,1440
shu_768,אקספרס קרניצי רמת גן,שופרסל,שופרסל אקספרס,768,קריניצי 61,רמת גן,0,32.08427573,34.81934137,11.61406096,2347
shu_771,גוד מרקט בני ברק,שופרסל,יש Good,771,הרב כהנמן 64,בני ברק,0,32.0830437,34.8407225,-3.449764457,1176
shu_772,גוד מרקט מאה שערים,שופרסל,יש Good,772,מאה שערים 42,ירושלים,0,31.7883061,35.2184496,-2.848504456,680
shu_773,GOOD MARKET אהבת שלום בית שמש,שופרסל,יש Good,773,אהבת שלום 9,בית שמש,0,31.69613239,34.58601844,-2.610777992,1229
shu_777,אקספרס נרקיסים,שופרסל,שופרסל אקספרס,777,121 שדרות ירושליים,ראשון לציון,0,31.96013331,34.82868491,12.41813303,2883
shu_778,GOOD MARKET אהליאב ירושלים,שופרסל,יש Good,778,אהליאב 21,ירושלים,2420531,31.791268,35.2006912,-2.457207813,1189
shu_779,אקספרס יבנה,שופרסל,שופרסל אקספרס,779,דרך ז'בוטינסקי,יבנה,0,31.8850261,34.7387102,12.17659915,2712
shu_780,אקספרס המעפיל רמת גן,שופרסל,שופרסל אקספרס,780,המעפיל,רמת גן,0,32.0899328,34.816317,12.08785433,2604
shu_789,גוד מרקט אופקים,שופרסל,יש Good,789,עובדיה יוסף 10,אופקים,0,31.301025,34.6191484,-3.367547344,1219
shu_790,דיל רמלה,שופרסל,שופרסל דיל,790,10 משה לוי,רמלה,0,31.93200146,34.85036448,-4.205291856,2594
shu_840,גוד מרקט חריש,שופרסל,יש Good,840,אלה 1,חריש,3760218,32.46611155,35.03822627,-3.867559782,919
shu_842,אקספרס מטודלה תל אביב,שופרסל,שופרסל אקספרס,842,30 מטודלה,תל אביב יפו,0,32.1106072,34.8267762,11.51863463,1985
shu_843,גוד מרקט בית שמש,שופרסל,יש Good,843,55 המוראים,בית שמש,0,31.70280763,34.96980181,-2.944152473,995
shu_844,אקספרס נגבה רמת גן,שופרסל,שופרסל אקספרס,844,נגבה 8,רמת גן,0,32.0704448,34.8235178,11.63916651,2957
shu_845,אקספרס נחשון כפר סבא,שופרסל,שופרסל אקספרס,845,נחשון 10,כפר סבא,0,32.1747937,34.9057509,12.24409613,1952
shu_846,אקספרס אור ים,שופרסל,שופרסל אקספרס,846,34 דוד המלך,אור עקיבא,,32.49311956,34.9202669,11.6027828,1884
shu_854,דיל גבעת אלונים,שופרסל,שופרסל דיל,854,1 דוכיפת,קרית אתא,,32.813905,35.140975,-4.622075559,2627
tiv_002,נתניה,טיב טעם,טיב טעם,2,בני גאון 2 נתניה,נתניה,4250489,32.274064,34.8625877,6.394177761,2731
tiv_003,אשדוד,טיב טעם,טיב טעם,3,ז'בוטינסקי 45 מתחם סטאר סנטר,אשדוד,7710901,31.8103602,34.6561539,5.981317886,2613
tiv_006,בת ים,טיב טעם,טיב טעם,6,אהוד קינמון 14 בת-ים,בת ים,5959401,32.010677,34.74954,5.239073882,2472
tiv_007,אשקלון,טיב טעם,טיב טעם,7,התחיה 1 אשקלון,אשקלון,7858201,31.6575908,34.5888061,6.054346269,2540
tiv_010,כרמיאל,טיב טעם,טיב טעם,10,"מעלה כמון 3 מתחם ביג;
",כרמיאל,0,32.9269497,35.3225302,4.270624473,2201
tiv_012,חוצות המפרץ (קריות),טיב טעם,טיב טעם,12,"חרושת 10, מתחם חוצות המפרץ;
",קריות,2620114,32.8073578,35.0548125,5.294079743,2547
tiv_014,ראשון מזרח,טיב טעם,טיב טעם,14,המכבים 62 צומת בית דגן,ראשון לציון,7534503,32.000366,34.821606,5.631864914,2768
tiv_015,באר שבע חדש,טיב טעם,טיב טעם,15,יצחק נפחא 25 מתחם מבנה,באר שבע,8424403,31.247881,34.8119871,6.382945914,2739
tiv_017,מודיעין ישפרו,טיב טעם,טיב טעם,17,שדרות המלאכות 12 מודיעין,מודיעין מכבים רעות,7177870,31.8906077,34.96430879,4.273402256,1882
tiv_018,רחובות,טיב טעם,טיב טעם,18,אופנהימר 2 רחובות,רחובות,7670102,31.9093234,34.8052219,6.42852072,2631
tiv_019,רמת החייל,טיב טעם,טיב טעם,19,דבורה הנביאה 122,תל אביב יפו,6944019,32.1137123,34.8413772,6.345807448,2712
tiv_020,חולון עזריאלי,טיב טעם,טיב טעם,20,"רחוב הרוקמים 26 , חולון",חולון,5885849,32.0077686,34.7987551,5.449496178,2077
tiv_021,יהוד,טיב טעם,טיב טעם,21,אלטלף 1,יהוד מונוסון,5621601,32.0261789,34.8984562,4.869924181,2078
tiv_022,קניון דרורים,טיב טעם,טיב טעם,22,קניון דרורים,בני דרור,4581500,32.2604802,34.8940356,5.943593341,2544
tiv_023,קיסריה,טיב טעם,טיב טעם,23,דולב 14,קיסריה,3099514,32.5127785,34.905156,6.246894418,2435
tiv_024,הוד השרון,טיב טעם,טיב טעם,24,"סוקולוב 46, כיכר המושבה",הוד השרון,4528476,32.1687202,34.9019432,5.684957709,2329
tiv_025,צומת סביון,טיב טעם,טיב טעם,25,"השדרה האקדמית 4, בקעת אונו",סביון,0,32.035899,34.86504,5.262941838,2461
tiv_030,מפגש מזרע,טיב טעם,טיב טעם,30,קיבוץ מזרע 19312,עפולה,1931200,32.649879,35.286404,5.685162241,2179
tiv_051,דלי רעננה,טיב טעם,טיב טעם,51,אחוזה 269 פארק מול רעננה,רעננה,4355741,32.1836543,34.8530601,18.10079501,2372
tiv_052,הרצליה,טיב טעם,טיב טעם,52,בן גוריון 56 פינת בר כוכבא,הרצליה,4644612,32.1579238,34.8419268,6.057188224,2454
tiv_056,טופ דן,טיב טעם,טיב טעם,56,פנחס רוזן 72,תל אביב יפו,6951294,32.1147225,34.8263703,16.16626951,1771
tiv_057,"מאז""ה",טיב טעם,טיב טעם,57,"מאז""ה 40, ת""א",תל אביב יפו,6521423,32.06614369,34.77663388,15.18602728,1561
tiv_058,בן-יהודה 130,טיב טעם,טיב טעם,58,בן יהודה 130 פינת בן גוריון,תל אביב יפו,6340144,32.0849868,34.7726424,15.42874943,1516
tiv_059,בן יהודה 181,טיב טעם,טיב טעם,59,בן יהודה 181,תל אביב יפו,6347210,32.0904228,34.7739418,14.53118684,1363
tiv_061,חשמונאים 91,טיב טעם,טיב טעם,61,חשמונאים 91,תל אביב יפו,6713308,32.0697233,34.7833787,15.7935644,1815
tiv_063,אבן גבירול 64,טיב טעם,טיב טעם,63,אבן גבירול 64,תל אביב יפו,6495201,32.0797764,34.7815765,15.60089259,1619
tiv_068,סירקין 13,טיב טעם,טיב טעם,68,סירקין 13,גבעתיים,5325007,32.0780044,34.8146964,16.25089525,1824
tiv_070,יפו,טיב טעם,טיב טעם,70,שדרות ירושלים 4,תל אביב יפו,6802102,32.0564932,34.7596358,15.98929797,1672
tiv_071,פרישמן 13 תל אביב,טיב טעם,טיב טעם,71,פרישמן 13,תל אביב יפו,6357813,32.0799978,34.7693294,15.96397548,1716
tiv_073,פנקס 2,טיב טעם,טיב טעם,73,"אבן גבירול 164, ת""א;
",תל אביב יפו,6296615,32.0797764,34.7815765,14.48651998,1512
tiv_074,ארלוזורוב,טיב טעם,טיב טעם,74,ארלוזורוב 149,תל אביב יפו,6299502,32.0831578,34.7929363,14.47252638,1316
tiv_075,יהודה מכבי,טיב טעם,טיב טעם,75,יהודה מכבי 69,תל אביב יפו,6230024,32.0940317,34.7918134,15.66087972,1678
tiv_079,חולון סיטי קוגל,טיב טעם,טיב טעם,79,שדרות לוי אשכול 30,חולון,5825901,32.0331352,34.775143,15.95216974,1743
tiv_080,יגאל אלון דלי,טיב טעם,טיב טעם,80,יגאל אלון 94,תל אביב יפו,6789139,32.0683632,34.7948052,17.23598613,2051
tiv_082,דלי כורזין גבעתיים,טיב טעם,טיב טעם,82,תפוצות ישראל 6 גבעתיים,גבעתיים,5358323,32.0598632,34.8147344,16.35437862,1903
tiv_083,מרכז כיתן,טיב טעם,טיב טעם,83,רחוב פנחס רוזן 65-67,תל אביב יפו,0,32.1143404,34.8250777,16.03766986,1782
tiv_084,דלי איינשטיין,טיב טעם,טיב טעם,84,איינשטיין 10 תל אביב,תל אביב יפו,6910110,32.1120215,34.7872142,16.48314929,1870
tiv_085,בית הדובדבן - אונו,טיב טעם,טיב טעם,85,רחוב הדובדבן 7-9 קרית אונו,קרית אונו,0,32.068757,34.8645057,4.052377495,1823
tiv_087,מונטיפיורטי פתח תקוה,טיב טעם,טיב טעם,87,רחוב רוטישילד 57,פתח תקווה,6416202,32.0893762,34.8812585,4.038676214,1571
tiv_088,רמת אפעל,טיב טעם,טיב טעם,88,דרך שיבא 16,רמת אפעל,0,32.0510148,34.8401689,16.1985999,1830
tiv_089,קינג גורג,טיב טעם,טיב טעם,89,קינג גורג 8,תל אביב יפו,6357808,32.0705158,34.7717569,15.96285973,1770
tiv_091,המסגר,טיב טעם,טיב טעם,91,המסגר 37,תל אביב יפו,6721426,32.0652137,34.785848,15.69565905,1674
tiv_092,מחניים,טיב טעם,טיב טעם,92,מחניים 4,חיפה,0,32.8035359,34.9862052,3.11947439,1692
tiv_093,כפר סבא הירוקה,טיב טעם,טיב טעם,93,נעמי שמר 15,6900,,32.19043247,34.89231096,4.79885825,2046
tiv_094,קרית מוצקין,טיב טעם,טיב טעם,94,"ש""י עגנון 16",8200,2603827,32.85257522,35.08603122,4.769074377,2220
tiv_156,עדן גן העיר,טיב טעם,טיב טעם,156,אבן גבירול 71,תל אביב יפו,6416202,32.0797764,34.7815765,4.994051018,2093
tiv_502,ליקוט נתניה,טיב טעם,טיב טעם,502,https://www.tivtaam.co.il/,נתניה,0,32.321458,34.853196,5.893850509,2643
tiv_503,ליקוט טיב טעם אשדוד,טיב טעם,טיב טעם,503,https://www.tivtaam.co.il/,אשדוד,0,31.8103602,34.6561539,5.318929555,2519
tiv_512,ליקוט טיב טעם קריות,טיב טעם,טיב טעם,512,https://www.tivtaam.co.il/,חיפה,0,32.8073578,35.0548125,5.472791785,2496
tiv_514,ליקוט ראשון מזרח,טיב טעם,טיב טעם,514,https://www.tivtaam.co.il/,ראשון לציון,0,31.9590813,34.8020886,6.009130734,2709
tiv_515,ליקוט טיב באר שבע,טיב טעם,טיב טעם,515,https://www.tivtaam.co.il/,באר שבע,0,31.2521018,34.7867691,5.681712322,2522
tiv_519,ליקוט רמת החייל,טיב טעם,טיב טעם,519,https://www.tivtaam.co.il/,רמת החייל,0,32.1133727,34.8366371,5.954460593,2650
tiv_523,ליקוט קיסריה,טיב טעם,טיב טעם,523,https://www.tivtaam.co.il/,קיסריה,0,32.5154686,34.9062798,2.318019513,25
vic_001,גן-יבנה,ויקטורי,ויקטורי,1,הכישור 8,גן יבנה,7080000,31.7754364,34.7042045,-3.033341523,2792
vic_002,גדרה,ויקטורי,ויקטורי,2,פינס 3,גדרה,7056502,31.8165241,34.7777441,-2.998323214,2739
vic_003,שדרות,ויקטורי,ויקטורי,3,סמטת הפלדה 3,שדרות,8710446,31.5213336,34.5947348,-3.263463993,2601
vic_005,אורנית,ויקטורי,ויקטורי,5,הערבה 10,אורנית,4481300,32.1298842,34.995119,-2.201043257,2687
vic_008,אשדוד,ויקטורי,ויקטורי,8,דוד המלך 18,אשדוד,7748109,31.7760173,34.6417835,-3.635491384,1924
vic_009,הארבעה תא,ויקטורי,ויקטורי,9,הארבעה 6,תל אביב יפו,6473906,32.0703364,34.7831746,-2.310605511,2541
vic_010,לוד,ויקטורי,ויקטורי,10,יוספטל 23,לוד,7136823,31.9463438,34.8794005,-3.133156206,2726
vic_014,בית שמש,ויקטורי,ויקטורי,14,הרצל 7,בית שמש,9903113,31.7494502,34.987559,-2.977243261,2542
vic_016,פלורנטין,ויקטורי,ויקטורי,16,סלמה 53,תל אביב יפו,6606034,32.0551334,34.7672519,8.935194325,2216
vic_021,רמלה הולצברג,ויקטורי,ויקטורי,21,שמחה הולצברג 16,רמלה,72276,31.9334559,34.8540757,-3.187637167,2709
vic_022,חדרה בפארק,ויקטורי,ויקטורי,22,משמר הגבול,חדרה,3825104,32.4279153,34.93264,-3.149639261,2707
vic_023,ראשון פרס נובל,ויקטורי,ויקטורי,23,שמעון פרס 33,ראשון לציון,7579932,31.9682049,34.763876,-2.31842425,2627
vic_024,חדרה בקניון,ויקטורי,ויקטורי,24,שד רוטשילד 40,חדרה,3826850,32.4376562,34.9216738,-2.933589565,2658
vic_025,עכו,ויקטורי,ויקטורי,25,שלום הגליל 1,עכו,2455301,32.9201965,35.0929603,-3.070316873,2771
vic_026,ראש העין,ויקטורי,ויקטורי,26,שבזי 26,ראש העין,4802126,32.0965466,34.9428615,-3.160841536,2728
vic_027,שער העליה,ויקטורי,ויקטורי,27,שלוסברג 1,חיפה,3584001,32.8173664,34.9586672,-3.083312536,2749
vic_028,גני תקווה,ויקטורי,ויקטורי,28,הכרמל 20,גני תקווה,5591620,32.0592765,34.8797378,-2.813040592,2811
vic_029,רמת גן,ויקטורי,ויקטורי,29,הרצל 42,רמת גן,5243130,32.0834004,34.815928,-2.252994315,2815
vic_030,אלקנה,ויקטורי,ויקטורי,30,שיר השירים 75/1,אלקנה,4481400,32.1132236,35.0274226,-2.488306801,2634
vic_031,סיטי רוטשילד,ויקטורי,ויקטורי סיטי,31,שד` רוטשילד 14,תל אביב יפו,66881,32.062815,34.7709504,7.700316672,1826
vic_034,מוצקין,ויקטורי,ויקטורי,34,שד ירושלים 1,קרית מוצקין,2623804,32.8040805,35.1058408,-3.211261764,2774
vic_035,סיטי אחד העם,ויקטורי,ויקטורי סיטי,35,אחד העם 54,תל אביב יפו,65202,32.0645392,34.7741588,7.572705113,1760
vic_037,קניון אשדוד,ויקטורי,ויקטורי,37,הטיילת 20,אשדוד,7722218,31.8105983,34.6409568,-3.30703949,2740
vic_038,מבשרת ציון,ויקטורי,ויקטורי,38,הראל 1,מבשרת ציון,9079129,31.8002473,35.149033,-3.085073057,2757
vic_039,חולון קוגל,ויקטורי,ויקטורי,39,קוגל 40,חולון,5825816,32.0233772,34.774054,-2.901298712,2686
vic_041,ברנע,ויקטורי,ויקטורי,41,רחבעם זאבי,אשקלון,7829304,31.6971812,34.5758953,-2.242809794,2654
vic_045,רעננה אחוזה 158,ויקטורי,ויקטורי,45,אחוזה 158,רעננה,4330018,32.1818416,34.869891,-2.010970172,2705
vic_046,דימונה,ויקטורי,ויקטורי,46,המלאכה 3,דימונה,8621106,31.0615094,35.0241686,-2.962837141,2710
vic_047,אופקים,ויקטורי,ויקטורי,47,החידא 1,אופקים,8759102,31.3089715,34.6229422,-3.383328848,2719
vic_048,טירת הכרמל,ויקטורי,ויקטורי,48,קרן היסוד 2,טירת הכרמל,3902621,32.7685502,34.968224,-3.214803731,2773
vic_050,תל מונד,ויקטורי,ויקטורי,50,השקד 4,תל מונד,4060105,32.2577503,34.9186163,-2.41482787,2593
vic_051,מודיעין,ויקטורי,ויקטורי,51,מנחם בגין 21,מודיעין מכבים רעות,7178081,31.8798648,35.0186781,-2.940227858,2780
vic_052,אשקלון,ויקטורי,ויקטורי,52,בן צבי 8,אשקלון,7846117,31.6764381,34.576329,-3.070736563,2747
vic_053,רמת ישי,ויקטורי,ויקטורי,53,מרכז מסחרי,רמת ישי,3009503,32.704029,35.166003,-2.366779851,2600
vic_054,קרית מלאכי,ויקטורי,ויקטורי,54,זבוטינסקי 8,קרית מלאכי,8305115,31.7266667,34.745,-2.257208056,2478
vic_055,קרית גת,ויקטורי,ויקטורי,55,הגפן 3,קרית גת,8201807,31.6070835,34.7697747,-3.317706719,2749
vic_056,יבנה,ויקטורי,ויקטורי,56,המיסב 7,יבנה,8121307,31.864079,34.7414604,-3.121773163,2729
vic_057,סיטי מרגוזה,ויקטורי,ויקטורי סיטי,57,מרגוזה יהודה 16,תל אביב יפו,6813612,32.0519789,34.7554971,7.520248746,1792
vic_058,כפר יונה,ויקטורי,ויקטורי,58,הרצל 5,כפר יונה,4031452,32.3185475,34.9346133,-2.376002138,2615
vic_059,עפולה,ויקטורי,ויקטורי,59,מנחם בגין 79,עפולה,1830101,32.6039772,35.2979883,-3.085890915,2779
vic_060,חולון התנאים,ויקטורי,ויקטורי,60,התנאים 5,חולון,5858112,32.0058229,34.7640126,-2.433529849,2386
vic_065,דיזנגוף,ויקטורי,ויקטורי,65,דיזנגוף 224,תל אביב יפו,6311519,32.0886661,34.7755775,-2.493685996,2417
vic_067,סיטי יהודה הלוי,ויקטורי,ויקטורי סיטי,67,יהודה הלוי 40,תל אביב יפו,65136,32.0616314,34.7720178,7.974578308,1805
vic_068,באר שבע,ויקטורי,ויקטורי,68,בן גוריון 15,באר שבע,8443944,31.2683491,34.7487449,-3.306346813,2782
vic_069,רעננה פארק,ויקטורי,ויקטורי,69,אחוזה 114,רעננה,4350108,32.18066944,34.87538659,-3.172530125,2817
vic_070,צור יצחק,ויקטורי,ויקטורי,70,דרך איילון 20,צור יצחק,4580800,32.241478,34.997998,-2.901536812,2763
vic_071,ראשון מזרח,ויקטורי,ויקטורי,71,צבי פרנק 39,ראשון לציון,7566088,31.9705226,34.8124462,-3.164393898,2770
vic_073,בית שאן,ויקטורי,ויקטורי,73,הגלבוע 1,בית שאן,1174001,32.4970754,35.4942557,-3.491587381,2594
vic_074,שבעת הכוכבים,ויקטורי,ויקטורי,74,קניון שבעת הכוכבי,הרצליה,4650504,32.1647849,34.8242079,-3.133221782,2767
vic_075,סיטי ויצמן,ויקטורי,ויקטורי סיטי,75,ויצמן 53,תל אביב יפו,62091,32.0848954,34.789189,7.998064223,2040
vic_076,ויקטורי בת ים,ויקטורי,ויקטורי,76,העמל 11,בת ים,5959821,32.00685236,34.74609201,-3.584529174,2794
vic_077,לוד נתבג,ויקטורי,ויקטורי,77,פסח לב 2,לוד,7129320,31.9685149,34.8985361,-3.144498472,2831
vic_079,כפר סבא הירוקה,ויקטורי,ויקטורי,79,אנגל 78,כפר סבא,4465140,32.1982013,34.8903535,-2.906621147,2749
vic_080,סיטי אלנבי,ויקטורי,ויקטורי סיטי,80,אלנבי 65,תל אביב יפו,65134,32.0681025,34.7711272,9.044642116,2251
vic_081,פארק אפק רע,ויקטורי,ויקטורי,81,העמל 2,ראש העין,4809202,32.1081848,34.964138,-2.981212881,2829
vic_082,נס ציונה,ויקטורי,ויקטורי,82,הפרדסים 1,נס ציונה,7400448,31.914131,34.7889942,-2.856373388,2323
vic_083,רחובות,ויקטורי,ויקטורי,83,אופנהיימר 10,רחובות,7670110,31.9100444,34.8074069,-3.16974134,2811
vic_084,עמק חפר,ויקטורי,ויקטורי,84,נחל אלכסנדר 3,מ.א. עמק חפר,4279900,32.40071494,34.89983373,-3.553365995,2753
vic_086,טבעון,ויקטורי,ויקטורי,86,המרווה 1,טבעון,3653201,32.7306786,35.1447145,-2.384149906,2547
vic_087,צמח,ויקטורי,ויקטורי,87,צומת צמח מול כנרת,צמח,1510501,32.7029522,35.5850662,-2.806812019,2740
vic_088,איילון,ויקטורי,ויקטורי,88,אבא הילל 301,רמת גן,5259408,32.1013734,34.8268328,-3.115545828,2821
vic_089,מלחה,ויקטורי,ויקטורי,89,אגודת הספורט 1,ירושלים,9695989,31.75189678,35.1879781,-2.969998706,2828
vic_091,שוהם,ויקטורי,ויקטורי,91,עמק איילון 161,שוהם,6083646,32.0054259,34.9467393,-2.8229415,2782
vic_092,נתיבות,ויקטורי,ויקטורי,92,בעלי המלאכה 5,נתיבות,8776202,31.416317,34.5945039,-3.289594532,2771
vic_093,חריש,ויקטורי,ויקטורי,84,ספיר 1,חריש,3760623,32.46408714,35.04290958,-3.323895122,2657
vic_094,שמוטקין,ויקטורי,ויקטורי,94,משה בקר 32,ראשון לציון,0,31.978379,34.8105114,-3.131227344,2815
vic_095,אשקלון מרכז,ויקטורי,ויקטורי,95,בן גוריון 1,אשקלון,7828124,31.66286784,34.56188806,-2.996416215,2759
vic_096,קרית אתא,ויקטורי,ויקטורי,96,זבולון 14,קרית אתא,2806007,32.8052995,35.1024643,-2.81188868,2633
yoh_001,יוחננוף מפוח,יוחננוף,יוחננוף,1,"רחוב המפוח 11, אזור התעשיה",רחובות,0,31.886744,34.781055,-9.17546874,2825
yoh_004,בילו,יוחננוף,יוחננוף,4,צומת בילו,"כפר ביל""ו",0,31.8701392,34.8216302,-9.377471593,2255
yoh_005,אשדוד,יוחננוף,יוחננוף,5,"זבוטינסקי 27, סטאר סנטר",אשדוד,0,31.8112446,34.6540808,-9.152245602,2374
yoh_008,אחד העם,יוחננוף,יוחננוף,8,רחוב אחד העם 19,רחובות,0,31.8979797,34.8111,-3.583429747,1845
yoh_009,נתיבות,יוחננוף,יוחננוף,9,"רחוב בעלי המלאכה 2, א.התעשיה",נתיבות,0,31.4182895,34.5973492,-9.228233345,2111
yoh_012,רמלה,יוחננוף,יוחננוף,12,שדרות ירושלים פינת נופי חמד,רמלה,0,31.9372787,34.8862915,-8.534220713,2285
yoh_013,חוצות המפרץ,יוחננוף,יוחננוף,13,החרושת 10 חוצות המפרץ,חיפה,0,32.8107072,35.0568101,-9.225401366,2405
yoh_015,אור יהודה,יוחננוף,יוחננוף,15,רחוב הפלדה 1,אור יהודה,0,32.0327584,34.8509935,-4.323980786,1653
yoh_016,גן יבנה,יוחננוף,יוחננוף,16,דרך מנחם בגין פינת המגנים 57,גן יבנה,0,31.7952094,34.7046109,-4.153268407,2103
yoh_017,מודיעין ישפרו,יוחננוף,יוחננוף,17,המלאכות 101,מודיעין מכבים רעות,0,31.8905467,34.9613304,-9.34979862,2407
yoh_018,מודיעין כרמים,יוחננוף,יוחננוף,18,"תשר""י 34",מודיעין מכבים רעות,0,31.916163,35.009964,-3.892104098,1942
yoh_019,אור יהודה גדול,יוחננוף,יוחננוף,19,אור יהודה,אור יהודה,0,32.0327584,34.8509935,-9.087081101,2378
yoh_020,ירושלים תלפיות,יוחננוף,יוחננוף,20,האומן,ירושלים,0,31.7492504,35.2115478,-9.462140508,2193
yoh_021,סגולה פתח תקווה,יוחננוף,יוחננוף,21,סגולה,פתח תקווה,0,32.10503,34.8943176,-9.467051114,2346
yoh_022,חדרה,יוחננוף,יוחננוף,22,"צה""ל 35",חדרה,0,32.4414918,34.930406,-9.329084356,2398
yoh_023,טבריה,יוחננוף,יוחננוף,23,unknown,טבריה,0,32.77922828,35.5029344,-9.478175493,2222
yoh_024,כפר סבא,יוחננוף,יוחננוף,24,unknown,כפר סבא,0,32.1669158,34.9284553,-9.358518009,2465
yoh_025,נס ציונה,יוחננוף,יוחננוף,25,נס ציונה,נס ציונה,0,31.930427,34.7973195,-4.238363872,1952
yoh_026,רמת השרון,יוחננוף,יוחננוף,26,חרושת 10,רמת השרון,0,32.1283385,34.8590274,-8.697194974,2346
yoh_027,יד אליהו,יוחננוף,יוחננוף,27,יגאל אלון 57,תל אביב יפו,0,32.0626068,34.791603,-8.694199208,2307
yoh_028,ראשלצ רמת אליהו,יוחננוף,יוחננוף,28,משורר השואה 15,ראשון לציון,0,31.9828662,34.7923622,-9.49278145,2086
yoh_029,בת ים,יוחננוף,יוחננוף,29,בת ים,בת ים,0,32.0135807,34.7516713,-4.451276969,2162
yoh_030,נתניה,יוחננוף,יוחננוף,30,נתניה,נתניה,0,32.2868611,34.8664061,-9.427227011,2319
yoh_031,מרכז סנטרו רחובות,יוחננוף,יוחננוף,31,רחובות,רחובות,0,31.8942716,34.7900746,-9.302006134,2402
yoh_032,בן צבי תל אביב,יוחננוף,יוחננוף,32,דרך בן צבי 112,תל אביב יפו,0,32.0443009,34.7690582,-8.557270273,2336
yoh_033,איירפורט סיטי,יוחננוף,יוחננוף,33,איירפורט סיטי,איירפורט סיטי,0,31.9861295,34.914539,-3.588738666,2214
yoh_034,מבקיעים אשקלון,יוחננוף,יוחננוף,34,"מתחם גלובוס סנטר, מבקיעים",אשקלון,0,31.6262096,34.5823216,-9.488090574,2261
yoh_035,תל אביב נחלת יצחק,יוחננוף,יוחננוף,35,נחלת יצחק 20,תל אביב יפו,0,32.0739817,34.7981136,-3.813027471,1935
yoh_036,חדרה צפוני,יוחננוף,יוחננוף,36,דן שכטמן 10,חדרה,0,32.4407789,34.8949244,-9.522133321,2294
yoh_037,עפולה,יוחננוף,יוחננוף,37,קהילת ציון 30,עפולה,0,32.6065955,35.2974223,-9.940138797,2167
yoh_038,טבריה תחתית,יוחננוף,יוחננוף,38,יהודה הלוי 113,טבריה,0,32.79081408,35.53184442,-8.48701249,1930
yoh_039,קרית שמונה,יוחננוף,יוחננוף,39,שדרות תל חי 93,קרית שמונה,0,33.1971022,35.5694944,-9.75906448,2130
yoh_040,באר שבע,יוחננוף,יוחננוף,40,דרך חברון 48,באר שבע,0,31.2416655,34.8092079,-9.29571825,2232
yoh_041,אשקלון ברנע,יוחננוף,יוחננוף,41,אריה טגר 45,אשקלון,0,31.7011517,34.5798745,-4.096760834,1849
yoh_042,קניון הבאר,יוחננוף,יוחננוף,42,מורשת ישראל 15,ראשון לציון,0,31.9756564,34.7742545,-4.2684396,1765
yoh_046,מישור אדומים,יוחננוף,יוחננוף,,מישור אדומים,מעלה אדומים,,31.78710377,35.33826925,-9.302626028,2126
yoh_048,אשדות יעקב,יוחננוף,יוחננוף,48,אשדות יעקב,אשדות יעקב,0,32.6620459,35.5715331,-4.039700982,1594
yoh_050,נתניה הדרים,יוחננוף,יוחננוף,50,האורזים 2,נתניה,0,32.3232133,34.8715049,-9.347335008,2296
yoh_052,גדרה,יוחננוף,יוחננוף,,אברהם דורון 1,גדרה,,31.8120082,34.7774347,-9.129353507,2300
yoh_053,רעננה,יוחננוף,יוחננוף,53,נווה זמר,רעננה,0,32.1931177,34.8654493,-3.608889487,1546
yoh_054,תא - אחד העם,יוחננוף,יוחננוף,54,unknown,תל אביב יפו,0,32.06564,34.77591,7.729500756,767
yoh_055,נתיבות מנהטן,יוחננוף,יוחננוף,55,אליהו אילוז 2,נתיבות,0,31.4124752,34.5728863,-9.651620601,1597
yoh_059,אור עקיבא -שקמים,יוחננוף,יוחננוף,59,השקמים 8,אור עקיבא,0,32.5046361,34.917818,-4.61685877,1339
yoh_060,בית שאן,יוחננוף,יוחננוף,,מנחם בגין 1 ,בית שאן,,32.498671,35.503976,-7.667549903,1705
